holdout_family,method,n_paired_seeds,delta_test_unknown_detection_rate_vs_max_confidence_mean,delta_test_unknown_detection_rate_vs_max_confidence_sd,delta_test_unknown_detection_rate_vs_max_confidence_min,delta_test_unknown_detection_rate_vs_max_confidence_max,delta_test_false_unknown_rate_all_known_vs_max_confidence_mean,delta_test_false_unknown_rate_all_known_vs_max_confidence_sd,delta_test_false_unknown_rate_all_known_vs_max_confidence_min,delta_test_false_unknown_rate_all_known_vs_max_confidence_max,delta_test_false_unknown_rate_known_attacks_vs_max_confidence_mean,delta_test_false_unknown_rate_known_attacks_vs_max_confidence_sd,delta_test_false_unknown_rate_known_attacks_vs_max_confidence_min,delta_test_false_unknown_rate_known_attacks_vs_max_confidence_max,delta_test_overall_reject_rate_vs_max_confidence_mean,delta_test_overall_reject_rate_vs_max_confidence_sd,delta_test_overall_reject_rate_vs_max_confidence_min,delta_test_overall_reject_rate_vs_max_confidence_max,delta_test_macro_f1_supported_vs_max_confidence_mean,delta_test_macro_f1_supported_vs_max_confidence_sd,delta_test_macro_f1_supported_vs_max_confidence_min,delta_test_macro_f1_supported_vs_max_confidence_max,delta_test_accuracy_vs_max_confidence_mean,delta_test_accuracy_vs_max_confidence_sd,delta_test_accuracy_vs_max_confidence_min,delta_test_accuracy_vs_max_confidence_max
Botnet,entropy,5,0.003389023913523892,0.00048047876433233755,0.002895003710817079,0.004124388848287253,0.00015556177715033982,0.00015864503866697585,-7.393620586990113e-05,0.0003450356273930026,0.00020616830450116003,0.00016263676848923546,-2.7210030035699356e-05,0.000396638514751,0.0006348145392682525,0.00014583156534772856,0.0004005377450145009,0.0007700065244827803,-0.008893845497136921,0.0007770707918983968,-0.010157253757519857,-0.008155983663133193,0.00011839794978412144,0.00015323349492407992,-5.709972046341605e-05,0.0002502311279127811
Botnet,family_conditional,5,0.005442153746792022,0.00053416351349624,0.004679595039402851,0.006129929579459792,0.0029787418620882806,0.0009067556437185201,0.002008107351427698,0.004275484331439303,0.0041022259897648405,0.0009513526926816807,0.003087291869433701,0.005453517942921798,0.003343860394542286,0.0007127355297801772,0.002515746507470412,0.004335380246351717,0.024088100003002523,0.0012996645824581226,0.022632693323329067,0.025629747300383476,-0.008092709793189833,0.0008094177597763149,-0.009272826662882538,-0.007301206903356006
Botnet,margin,5,-0.0036303686455801064,0.0009527039041035289,-0.004730583363076413,-0.002759034847686359,-1.9321995134039676e-05,3.704754008458502e-05,-5.71773325394008e-05,3.746101097410262e-05,-3.2442728119479876e-05,3.5858302092091733e-05,-6.697853547249846e-05,2.3023871568699644e-05,-0.0005545390499110403,0.00015802085248752673,-0.0007305405412214028,-0.0003770260954119864,0.005534267904692314,0.0004738238472246857,0.005136705199929037,0.006348814080248566,-0.00047812618870279877,0.00012620217594016053,-0.0006331351357251602,-0.0003543541475807821
BruteForce,entropy,5,0.0,0.0,0.0,0.0,-3.7027281533000276e-06,7.5877746545619735e-06,-1.514752426340013e-05,3.3661165029993945e-06,-3.718607647060224e-06,7.652289090327556e-06,-1.5051507142802012e-05,3.541531092398492e-06,-3.6946877947002798e-06,7.5712980388160905e-06,-1.5114631887400143e-05,3.358807086097787e-06,1.4743391805671634e-05,9.128236185001019e-06,3.907784752454901e-06,2.4670890396816247e-05,3.862628149065017e-06,6.939615705922251e-06,-3.3588070860179897e-06,1.4274930115854012e-05
BruteForce,family_conditional,5,-0.3233565351894818,0.004947614107211746,-0.3310131477184841,-0.3182521268368136,0.0028652383673325003,7.136990605258077e-05,0.0027568494159367005,0.0029453519401032996,0.0040754169046132395,9.570328426979187e-05,0.003931984895369899,0.004182548220159198,0.00215685797032326,6.655027240788959e-05,0.0020564296384496007,0.0022361258175546996,0.00032658882510339104,0.00029677889367790076,5.422905268004374e-05,0.0007823135619908772,-0.009784708862800206,0.00013271353011894827,-0.009979015852729645,-0.009659089477780936
BruteForce,margin,5,0.0,0.0,0.0,0.0,-2.0196699018218412e-06,5.104968434449158e-06,-6.732233006002258e-06,5.049174754398478e-06,-2.124918655480035e-06,5.370997831019096e-06,-7.083062184901068e-06,5.312296638599473e-06,-2.015284251639243e-06,5.093883154834427e-06,-6.7176141720984295e-06,5.038210629099843e-06,-4.715283471168341e-06,8.061760234410256e-06,-1.5471223216212415e-05,1.9411851769346455e-06,1.3435228344738092e-06,4.545261555380712e-06,-5.038210629138007e-06,5.877912400586993e-06
DDoS,entropy,5,0.08028391778242291,0.014962148405829259,0.0620775383910539,0.10064629362313521,0.0003978526672538403,0.00022556404852801566,0.0002762865744817995,0.0007987193698657004,0.00044692280829497917,0.00022454127587124323,0.0003250685430241998,0.0008470357463945984,0.040223058378586286,0.007428498560724055,0.031091637494027602,0.050313250745865123,0.006559578739599092,0.003303818198990553,0.0020234448620202183,0.010425948101728921,0.039323066019872385,0.007479082204753906,0.030283004688055004,0.04950629734343548
DDoS,family_conditional,5,0.397992228306549,0.011731259289853952,0.37974003399063155,0.4064423868901941,0.00029771971480530013,0.0010164317004150863,-0.0008874659665174013,0.0012357544967734023,0.0012846708820316792,0.0010762241528222928,5.572603594700826e-06,0.002266192128511698,0.1985583999986565,0.005910927740899411,0.1896105379213519,0.20288034501666388,0.08328053638794286,0.0032484204203632972,0.07865129415726724,0.08589932497707109,0.19413098843814627,0.005826441683867556,0.18499637668685587,0.19874061528307596
DDoS,margin,5,-0.029028807818182123,0.007663408976739399,-0.038113974731047884,-0.020193938618107365,-0.00011453334360337977,5.0852457085975996e-05,-0.00020428461870769868,-8.204874030070045e-05,-0.00013671454152334035,4.828875292862617e-05,-0.0002229041437880018,-0.00011330960642559965,-0.014529023871881657,0.0038399395649987246,-0.019103215302053306,-0.01011084903085821,-0.007049014051777403,0.002897669598312701,-0.010456628591327677,-0.003716199669806186,-0.014400717441193622,0.0038162930234826526,-0.0188991677715743,-0.009998328993474748
DoS,entropy,5,0.01338203343934,0.0032076488378963318,0.008952842763730998,0.016158149395971697,0.00011076178718342072,8.903498901147835e-05,4.798344571120203e-05,0.00025891067581690005,0.00015995972328878004,8.891847677766832e-05,9.87799088037998e-05,0.00030908552109590315,0.0022342784736573184,0.0004934297959114478,0.0014921500479889993,0.0026929235812609004,-0.005730417762807538,0.0008918115171817548,-0.007106314883710496,-0.004858367238423589,0.001828198696950789,0.0005234159602687169,0.0011629869535536574,0.002239484624640631
DoS,family_conditional,5,0.1546532741375148,0.0042091706853268004,0.1515528406645885,0.16171793822223618,0.00027430536464920013,0.00012088306534431634,8.097206463770004e-05,0.0003888658412848009,0.0012167985325341802,0.00013410158705852307,0.0010090420791790018,0.0013393705914154994,0.024976257432410318,0.0005959242846201848,0.024515093219492204,0.025944265634617297,0.05709734783390623,0.0008530467329173106,0.056210929559518674,0.058182070545986786,0.01815939051086617,0.000727249847630509,0.0175867139026904,0.019378637483111416
DoS,margin,5,-0.0027194391091239223,0.00019619544166599322,-0.003012269487914207,-0.0024612445815884038,-1.0396413237440116e-05,5.5539816435691505e-05,-8.397102999459921e-05,4.998275594919957e-05,-2.315486034326006e-05,5.767677479057029e-05,-0.00010090420791790053,3.8237384053101814e-05,-0.0004438663564248407,4.801963632277889e-05,-0.0005004622558252986,-0.00037534669186890107,0.004834734491596282,0.0007028782248662201,0.004061285003326143,0.005837918472530457,-0.0003746749304516683,5.618602614732588e-05,-0.00046015657079223615,-0.0003064911466043041
Other,entropy,5,0.0003540073633531482,0.0009587987479187701,-0.0011429380588259264,0.0014059149573167895,-0.00017343829982848017,0.0002315277859846079,-0.0005750752496953004,-3.296609711629997e-05,-0.00017751141386774041,0.00024266176844252765,-0.0005971894348767992,-3.000465556099799e-05,-0.00012964995352251902,0.00028867525385148,-0.0006222190126954977,8.648928246650367e-05,0.001500694859520446,0.0004134306029436787,0.0010657535524081219,0.0021000448463190935,0.00017213886316134187,0.00013792213429174617,6.717614172158104e-05,0.00041145386804430917
Other,family_conditional,5,-0.20308492130922043,0.005973676538996086,-0.20879354290569252,-0.1953716065865598,0.0017120393102393403,0.00020577400544162468,0.0014798114705533993,0.0020329093221712995,0.0022321527953208394,0.00021213558901203198,0.001979339374916001,0.0025610425359547974,-0.015290129557586341,0.0005906002281206395,-0.015852729744503996,-0.014355541485885796,-0.03954386128327174,0.00200736623533365,-0.041467066197823366,-0.0369391614254555,-0.019018405423129915,0.00046876873150402385,-0.019447493028376006,-0.018388629094490794
Other,margin,5,-0.0009932435166080111,0.00038284403208549287,-0.001456487437795917,-0.0006979002306105042,0.00017087427005277946,2.7030177023600714e-05,0.00013552728814479956,0.0002078695568165992,0.00017073616906367953,3.0977084337977837e-05,0.0001296975433930994,0.0002158399416168008,7.422963660224241e-05,1.5307005563808597e-05,5.5420316920198887e-05,9.236719486710454e-05,-0.0009092959338599105,0.00037031319048677077,-0.0013658729826465654,-0.0003953136324191808,-0.0002273912397273259,5.5912411188382e-05,-0.0003056514448328551,-0.00016794035430367504
Scan/Recon,entropy,5,0.0045683025677010995,0.000892031190616932,0.003623136519211201,0.006043334431253489,-9.294691678486053e-05,0.00016896184552391084,-0.0003014976763271032,0.00011506863978159865,-0.0001124069394810398,0.00017564021691482908,-0.0003323253738425,9.790889201019906e-05,0.0001803679405222594,0.00020362845869656418,-7.137465057910353e-05,0.0004626756761069023,0.0012350171798485299,0.0008114711899438772,-3.539263813900906e-05,0.001976774879010934,0.00036879701805110355,0.00011944355551204301,0.0002225209694525221,0.0005088592735404962
Scan/Recon,family_conditional,5,-0.09945151727792177,0.004149526876311483,-0.10436924486961002,-0.09494622578012007,0.0006845246059568197,0.0003545849305006751,0.00016858893735450034,0.001106086149838998,0.0010568511747183998,0.0003595644117918789,0.0005319088844788003,0.0014865205815788006,-0.0051870057830260986,0.0005607357796384248,-0.0058947064360622,-0.004525992548486499,0.04672256339413923,0.0011977673511999077,0.04483918666926168,0.048090807769286426,-0.006937783976642864,0.00015742829497496916,-0.007092121162248,-0.0066873849083759485
Scan/Recon,margin,5,-0.006077704105744009,0.0020728832737769614,-0.00849217373870459,-0.003823626287072668,-0.0002479773787542203,0.0007010287918001848,-0.0009928015199765008,0.0005619631245150011,-0.0002538099739035203,0.0007330315371932864,-0.0010261605027998,0.0005883947837154978,-0.000589806524314801,0.0007090680121011222,-0.0014325312222111045,0.0002821397952303059,-0.0011700407349815479,0.0015043819175622852,-0.002783880313397491,0.00019492178358127,-0.00013015377458538424,0.0006245608977419924,-0.0008405414732903793,0.00041313327158720714
