holdout_family,method,budget,n_total,n_feasible,test_unknown_detection_rate_mean,test_unknown_detection_rate_sd,test_false_unknown_rate_all_known_mean,test_false_unknown_rate_all_known_sd,test_false_unknown_rate_known_attacks_mean,test_false_unknown_rate_known_attacks_sd,test_overall_reject_rate_mean,test_overall_reject_rate_sd,test_benign_reject_rate_mean,test_benign_reject_rate_sd,test_benign_family_fp_rate_mean,test_benign_family_fp_rate_sd,test_macro_f1_supported_mean,test_macro_f1_supported_sd,test_accuracy_mean,test_accuracy_sd,test_unknown_known_auroc_mean,test_unknown_known_auroc_sd,test_unknown_known_aupr_mean,test_unknown_known_aupr_sd
Botnet,entropy,0.01,5,5,0.9930338619122887,0.0004058081525737474,0.00826922242771006,9.065327953872171e-05,0.00845143532908434,9.694369370905603e-05,0.15422768849415439,6.22388403153572e-05,0.0053110877026062,5.0400614951887005e-05,0.015644432362635463,0.00039010561387924314,0.8884178380227121,0.0006237266554199758,0.9699386765796258,9.032357794415467e-05,0.9990158111485318,8.563568719501337e-05,0.9899197774113155,0.0004505245765549792
Botnet,family_conditional,0.01,5,5,0.997353139464396,8.734595860183457e-05,0.0063683718655977205,1.775837602046185e-05,0.006760645924251421,1.885224277065592e-05,0.15324876416891775,8.754671231728335e-06,0.0,0.0,0.02095552006524174,0.00037678079796095746,0.9041846819202457,0.0003625060002849714,0.9699380048182087,8.949306537746347e-05,,,,
Botnet,margin,0.01,5,5,0.17480950195738504,0.07591474102340592,0.00799161662007038,0.00011272969575949998,0.00812135673395912,0.00011138495726934555,0.03271679630262512,0.011277788563189532,0.005885351184206,0.0002268663954983397,0.015070168881035661,0.0005561482654297631,0.7872702934370681,0.01753772929571141,0.8496695353678188,0.011203517073266863,0.9877331869553079,0.0007021828586236094,0.8386915104067418,0.009961672171356553
Botnet,max_confidence,0.01,5,5,0.5590949006010957,0.11621182158091872,0.00800482655551914,0.0001640858213639447,0.008147101608531342,0.00017170012601892416,0.08968552328954844,0.01721164668172001,0.005695062693261681,0.00010362534018808992,0.01526045737197998,0.00044973900848933933,0.85074830685714,0.01609287134589422,0.9065695747498317,0.017225415865324938,0.9930272768422871,0.0006128840403663701,0.9395821179785718,0.006217316433404962
BruteForce,entropy,0.01,5,5,0.13712296983758696,0.0028098843193480197,0.007919630602374921,5.014341524337979e-05,0.00789690602989932,4.8814228459995934e-05,0.00820019161994422,5.16693002677358e-05,0.00835570355771514,0.0002566565306436726,0.0127663189371028,0.00016930474251046945,0.8093225268959656,0.00022336642807862722,0.9707078434023373,5.095613120318572e-05,0.3468066059182476,0.005066339541268733,0.012701761394545902,0.00032963870821959966
BruteForce,family_conditional,0.01,5,5,0.0,0.0,0.0072610499085678,7.711961340950932e-05,0.0076394367194797,8.113845984965476e-05,0.00724528276537304,7.6952150576575e-05,0.0,0.0,0.021122022494817982,0.00036997746652604323,0.8005605882599987,9.325544008676514e-05,0.9676728253193596,6.56650006682818e-05,,,,
BruteForce,margin,0.01,5,5,0.13766434648105177,0.0030935808197989204,0.00791172022859292,5.0759624995971494e-05,0.00788645851317666,5.337176657587067e-05,0.008193474005772038,5.2158256516536397e-05,0.0083964796629175,0.00025240367033954895,0.012725542831900439,0.0001707478273322561,0.8093539675322626,0.00022538903466733307,0.9707120419111946,5.386868480276138e-05,0.3468206753350115,0.005067767190274347,0.012877998136269941,0.00039235631288352335
BruteForce,max_confidence,0.01,5,5,0.13750966744006182,0.002965241997321073,0.00791172022859292,4.4974988571439396e-05,0.00788716681939514,4.7072897028451376e-05,0.008193138125063459,4.6553871980471085e-05,0.00838288762785004,0.0002555858323577837,0.012739134866967922,0.00016879247282637093,0.8093478728713046,0.00022245317421013824,0.9707128816129662,5.465484598153296e-05,0.34681723710603585,0.005067489445688457,0.01281352907413244,0.00035625004209550065
DDoS,entropy,0.01,5,5,0.31773997672197585,0.01365107095406974,0.0085119707437634,0.00016285659010745624,0.00905399481376354,0.0001878976749693336,0.16266988216465034,0.006806451053915362,0.0035543171701382602,0.0002210012238473653,0.01677257127323384,0.00024981720446790013,0.7482020976603133,0.0036620667612674617,0.6324178624719645,0.0067728041397378995,0.7899236588087136,0.0018879313242862812,0.8310755736245932,0.0031947671283638662
DDoS,family_conditional,0.01,5,5,0.6755855298950805,0.00898600842430512,0.00836428301122218,9.904423231727636e-05,0.00927875649208312,0.00010987281424891048,0.3409907977082859,0.004480402353468266,0.0,0.0,0.02032688844337214,0.00034623858553888936,0.8224179222055363,0.0025769048632264457,0.8093127964672068,0.004555978971651252,,,,
DDoS,margin,0.01,5,5,0.14332121146787982,0.027140291648819852,0.008156314571521339,0.00014180150461251675,0.00866056899997764,0.00016827150956853516,0.07553940342547935,0.013503283420989337,0.0035441231438376603,0.0001434627872682306,0.01678276529953442,0.00042904486434284405,0.6931194751206051,0.010327866540092505,0.546060581124008,0.013487620382674669,0.7778880764464141,0.0013444143691760978,0.8021434639604553,0.0030260619370148156
DDoS,max_confidence,0.01,5,5,0.2651151352635116,0.0052150423228366815,0.00823200034828846,0.0001131806433770151,0.008720381611894121,0.00012091536816815669,0.1362946815808897,0.002585933311030074,0.00376499371368376,0.0001251971417780974,0.016561894729688338,0.000443599600491964,0.7378521268912505,0.0020748923762236556,0.6067517060640742,0.002572895625711514,0.7813850307133254,0.0014385342854853372,0.8193691512488902,0.00247227536249396
DoS,entropy,0.01,5,5,0.0841850604028254,0.0004169883306191059,0.00842069486027316,0.00015009747544339754,0.00864037421653188,0.0001622177451862972,0.020543639720916683,0.0001485828498102722,0.0049067246593495605,0.00013291384155496077,0.01571918855550644,0.00016964539626037554,0.7539286279633188,0.0008089902891419757,0.8244499323620221,0.00015525924535442548,0.5514787235242743,0.0034359991057798882,0.2704295101988012,0.001059819362401779
DoS,family_conditional,0.01,5,5,0.12020739527902843,0.00882060203156974,0.0063845973139266595,2.752593527222283e-05,0.00678373679084254,2.9246746603909126e-05,0.02459721605274668,0.0014137723356062379,0.0,0.0,0.020625913214856056,0.00025056714811498733,0.7757542225977409,0.00323835457364576,0.8296858087881507,0.0014352501665636356,,,,
DoS,margin,0.01,5,5,0.04394344910104218,0.008423146544423669,0.00811480039386408,8.234755746181216e-05,0.00826076196484918,7.423126094139118e-05,0.01384768985447124,0.0013634431621106942,0.00578001291243326,0.00030943343263851227,0.014845900302422721,0.00029486415644316733,0.7557409184909716,0.002143624172277436,0.8191500706609041,0.001264423446162729,0.542531427740587,0.003325170452518349,0.22791334531447444,0.003439405925376027
DoS,max_confidence,0.01,5,5,0.06849187107066759,0.0022528821346419993,0.008182776941954979,9.838505938477738e-05,0.008339998321803661,0.00010087345679755521,0.017832746521745303,0.0004147238510098824,0.00566787862312678,0.00021777763694535765,0.014958034591729199,0.000267990677945294,0.7600427741220883,0.0005347046143982567,0.8229760878126525,0.0002508120457045277,0.5431119004688787,0.0033501405693297163,0.25160042392606885,0.0028312265248624027
Other,entropy,0.01,5,5,0.18847554314844034,0.012673708597659572,0.008474118408726462,5.29380885077337e-05,0.00888583034980584,5.6915019212486704e-05,0.02341777094447132,0.0010865058563223704,0.00124706921743852,7.932731339787291e-05,0.02032688844337212,0.0010893917536304316,0.7232731775100681,0.00347859271108161,0.9172460468939851,0.0010048577463711954,0.4604531129572703,0.010423240752689545,0.3103641682031504,0.013028087514367525
Other,family_conditional,0.01,5,5,0.08858477970627497,0.010830878987060689,0.00826038821242248,2.894762757859535e-05,0.0086980592795204,3.1345362099696526e-05,0.014928889855478859,0.0009130754666169263,0.00057766149036658,5.236683206164029e-05,0.02099629617044408,0.0010727568032071846,0.6824282823761822,0.0032472889909940265,0.9090737333728555,0.0008666706760207154,,,,
Other,margin,0.01,5,5,0.2056803010074038,0.011587859076417682,0.00847393526374248,7.771910122381093e-05,0.00881749716649578,8.474723191391439e-05,0.024845935717470558,0.0010109109608582567,0.00244316830337416,9.863009462571176e-05,0.019130789357436482,0.00112102106574894,0.7266458159119074,0.003196982751682518,0.9188319076596756,0.0008996327851559097,0.4631666276433995,0.010271516988362114,0.33323037743351436,0.011435671986326792
Other,max_confidence,0.01,5,5,0.2005360682930776,0.0113290971328707,0.008449393835889201,7.009035345380626e-05,0.008820400842840359,7.760056545352203e-05,0.02439635938899936,0.0009831808039380812,0.0019368649971116202,0.00010404234525396363,0.019637092663699042,0.0010776563955378975,0.7267647288231869,0.002641833871890822,0.9183680564010887,0.0008814480325589351,0.46317913201407757,0.010279085614196852,0.3241818105706802,0.011708192422429393
Scan/Recon,entropy,0.01,5,5,0.3776339343252803,0.01921583214617364,0.00861105907748842,4.566072232498862e-05,0.008968642794470339,4.2456375733135904e-05,0.03024891279613126,0.0011601950953894576,0.00215773556695772,0.00014860219243380312,0.01845798362159768,0.0007510867755086308,0.8137820705654759,0.0034680097453140143,0.9448633343381765,0.0011044064666017243,0.6125307282752399,0.01891679498008356,0.4476937536189453,0.024292380324802288
Scan/Recon,family_conditional,0.01,5,5,0.27678185281186896,0.024964573678583988,0.00809423140392654,6.20100650849607e-05,0.008483428920027219,6.374472590082323e-05,0.02384887383396906,0.0014718660231695401,0.0010703727615616599,7.107445262615055e-05,0.019545346426993744,0.0006483655394737286,0.8102593879654219,0.005270275300101635,0.939304508610722,0.0014676834492672018,,,,
Scan/Recon,margin,0.01,5,5,0.36331323662088816,0.020578278037082547,0.00863014798362272,5.9514180513872574e-05,0.008941152990175161,6.379753844170149e-05,0.02942718064252296,0.0011643023588169476,0.0030174317849739605,7.366707461580474e-05,0.01759828740358148,0.0006218680981062114,0.8021151275232585,0.0037144033590469456,0.9441032362945976,0.0012545135473698448,0.6211917097262167,0.01909908436801129,0.4108820803664462,0.022693993293427375
Scan/Recon,max_confidence,0.01,5,5,0.3707657277062538,0.019522557930792387,0.00861676790922956,3.3960680101689185e-05,0.00894586014844488,3.417539542002877e-05,0.029851565917848582,0.0011462737173468607,0.0026776309082876997,0.0001701550981487978,0.0179380882802677,0.0006101531381281969,0.8074319152111084,0.003353619065838071,0.9445195604329164,0.0011546326224338658,0.6216758122467805,0.019078202604797662,0.4281609743882385,0.022862018185001134
Botnet,entropy,0.03,5,5,0.9968251270459065,0.00018404168197794294,0.024373908208693257,0.00016155748068992994,0.024972109719213383,0.00016547343535931034,0.16850732093989496,0.0001490055466449457,0.01466240782901212,0.00032747180107031704,0.006293112236229539,0.0003585261577636067,0.8597677026457843,0.0007667807473750016,0.9606997738683128,0.00017220807344287247,0.9990158111485318,8.563568719501337e-05,0.9899197774113155,0.0004505245765549792
Botnet,family_conditional,0.03,5,5,0.9988782568791746,8.012042095842881e-06,0.0271970882936312,0.0008889411933720719,0.028868167404477063,0.0009430807428384887,0.171216366795169,0.0007563626466776473,6.796017533723667e-05,3.398008766860655e-05,0.02088755988990448,0.00038040249054427686,0.8927496481459238,0.0007846133931991375,0.952488666125339,0.0008301209917080742,,,,
Botnet,margin,0.03,5,5,0.9898057344868025,0.0014308484332671253,0.02419902443640888,6.60217153467028e-05,0.02473349868659274,6.031737232219686e-05,0.16731796735071566,0.0002539458633510857,0.0155221040470284,0.00025073989349789567,0.00543341601821328,0.000304733380743812,0.8741958160476135,0.0006936641980099079,0.960103249729826,0.0001622113878911924,0.9877331869553079,0.0007021828586236094,0.8386915104067418,0.009961672171356553
Botnet,max_confidence,0.03,5,5,0.9934361031323826,0.0005288645755988268,0.02421834643154292,6.997002799599406e-05,0.02476594141471222,5.980220775003962e-05,0.16787250640062673,0.00010389659574455549,0.01532841754731724,0.000270616786718934,0.0056271025179244595,0.0002290192367699227,0.8686615481429213,0.0008303196094436898,0.9605813759185289,4.709671579806139e-05,0.9930272768422871,0.0006128840403663701,0.9395821179785718,0.006217316433404962
BruteForce,entropy,0.03,5,5,0.3233565351894818,0.004947614107211746,0.02383631248669326,0.00012709597419562546,0.024017778486083958,0.00012649049426004914,0.02448671129961476,0.00012673851140099126,0.020354072513507036,0.00040722976703956267,0.0007679499813108999,7.822803651649283e-05,0.7949816485491612,0.00036525004585658596,0.9580610950214922,0.0001506580366405588,0.3468066059182476,0.005066339541268733,0.012701761394545902,0.00032963870821959966
BruteForce,family_conditional,0.03,5,5,0.0,0.0,0.02670525358217906,0.00016999971461816501,0.02809691399834426,0.00017885871582052395,0.02664726395773272,0.0001696305655450909,0.0,0.0,0.021122022494817982,0.00036997746652604323,0.7952934939824589,0.00011311528354087161,0.9482725235305429,0.00017502837670040517,,,,
BruteForce,margin,0.03,5,5,0.3233565351894818,0.004947614107211746,0.023837995544944736,0.00012562341602827528,0.02401937217507554,0.00012562049663688855,0.02448839070315782,0.00012456686395568838,0.020357470522273897,0.0004044558353702681,0.0007645519725440399,8.236229327220303e-05,0.7949621898738843,0.0003734475331887853,0.9580585759161776,0.00015726988762903083,0.3468206753350115,0.005067767190274347,0.012877998136269941,0.00039235631288352335
BruteForce,max_confidence,0.03,5,5,0.3233565351894818,0.004947614107211746,0.02384001521484656,0.00012581437384769702,0.02402149709373102,0.00012561425623708086,0.02449040598740946,0.00012501774836614623,0.020357470522273897,0.0004044558353702681,0.0007645519725440399,8.236229327220303e-05,0.7949669051573555,0.00036880084557937634,0.9580572323933432,0.00015456056371220697,0.34681723710603585,0.005067489445688457,0.01281352907413244,0.00035625004209550065
DDoS,entropy,0.03,5,5,0.3872607559799425,0.019048806265778116,0.025120980030341224,0.0001911589793322236,0.026721005743496718,0.000184469172168657,0.2056567349540137,0.009514572152301441,0.01048625505453802,0.0004644221567370999,0.009840633388834081,0.00031953028683250973,0.7493377078061326,0.005335648288220031,0.6617582179513125,0.009509760980626758,0.7899236588087136,0.0018879313242862812,0.8310755736245932,0.0031947671283638662
DDoS,family_conditional,0.03,5,5,0.7049690665040687,0.000352443367167537,0.025020847077892677,0.000994878719569335,0.027558753817233418,0.0010562476117338927,0.36399207657408394,0.0006653777974929682,0.00180774066397088,0.00046801326274629757,0.01851914777940124,0.0005104087425940367,0.8260586654544764,0.0005578029989265537,0.8165661403695863,0.00020578810320025196,,,,
DDoS,margin,0.03,5,5,0.2779480303793374,0.012912649797698416,0.024608594019484,0.00022220775665668613,0.0261373683936784,0.0002068671417414932,0.15090465270354575,0.00654289570434796,0.010625573413979381,0.0003934580161141673,0.00970131502939274,0.0003766658615208921,0.735729115014756,0.003998105187043038,0.6080344344902464,0.00635650290990481,0.7778880764464141,0.0013444143691760978,0.8021434639604553,0.0030260619370148156
DDoS,max_confidence,0.03,5,5,0.3069768381975196,0.01184399258969482,0.02472312736308738,0.0001909160773925489,0.026274082935201736,0.00017641982497656618,0.16543367657542743,0.005984532033771059,0.01053722518604094,0.0004115309885717888,0.00978966325733112,0.00031360325817804977,0.7427781290665335,0.0031105827524721056,0.6224351519314401,0.005823867535368877,0.7813850307133254,0.0014385342854853372,0.8193691512488902,0.00247227536249396
DoS,entropy,0.03,5,5,0.10145470575269995,0.0030576556873012166,0.02475066102194738,5.908714406656206e-05,0.025401306656384997,6.524659458655543e-05,0.0370239625694538,0.0004723225058383397,0.01434299500492708,0.00012392254258593855,0.00628291820992896,0.00018743029488629384,0.7336256570064784,0.0017616073846281157,0.8175279347786841,0.0005196683540943814,0.5514787235242743,0.0034359991057798882,0.2704295101988012,0.001059819362401779
DoS,family_conditional,0.03,5,5,0.24272594645087478,0.004063395812760842,0.02491420459941316,0.00012938758292906815,0.0264581454656304,0.00013772971572460036,0.0597659415282068,0.0005843755452392939,0.00021747256107913998,2.791749078314302e-05,0.020408440653776817,0.00026331827470940455,0.7964534226031922,0.0006761217293509131,0.8338591265925993,0.0007149129850332721,,,,
DoS,margin,0.03,5,5,0.08535323320423605,0.0002530587894229703,0.024629502821526518,6.51388653220256e-05,0.02521819207275296,6.666881874440481e-05,0.034345817739371634,8.636813381872063e-05,0.01521288524924388,0.00022686639549829906,0.0054130279656121,0.00016672765537866852,0.7441908092608823,0.000711862187572753,0.8153250611512816,0.00011034556731174497,0.542531427740587,0.003325170452518349,0.22791334531447444,0.003439405925376027
DoS,max_confidence,0.03,5,5,0.08807267231335995,0.00017204646718636785,0.024639899234763958,5.985255021680729e-05,0.02524134693309622,5.4943016183672206e-05,0.03478968409579648,4.688815292753535e-05,0.015019198749532739,0.0002070416529096001,0.00560671446532328,0.00017201108372112616,0.739356074769286,0.0012515138038962357,0.8156997360817332,0.00015113115683092936,0.5431119004688787,0.0033501405693297163,0.25160042392606885,0.0028312265248624027
Other,entropy,0.03,5,5,0.32434356920338225,0.010856533271165604,0.025197270040868757,0.00027928964538390854,0.02605933372242592,0.00029447980403747977,0.050032286533114846,0.0011019905467151696,0.01006490196744702,0.00042468313024481626,0.011509055693363641,0.0008620333693245059,0.7237538132678163,0.0020674747658630727,0.913945850991562,0.0007034750122074579,0.4604531129572703,0.010423240752689545,0.3103641682031504,0.013028087514367525
Other,family_conditional,0.03,5,5,0.12090464053080874,0.012385706596780996,0.027082747650936583,0.0003019459035178747,0.028468997931614504,0.0003123635441703955,0.03487180692905102,0.0010262958237253553,0.0027489890923918002,0.00021804257334136378,0.01882496856841884,0.0010367407720703484,0.6827092571250242,0.003225687906187595,0.8947553067052706,0.0010734938388221704,,,,
Other,margin,0.03,5,5,0.32299631832342107,0.010274453793632152,0.02554158261075002,0.0003029474914310528,0.026407581305357343,0.00031102833226161794,0.0502361661232396,0.0009020930630594042,0.010340140677562918,0.00035711439376972956,0.011233816983247758,0.000976033287158313,0.721343822474436,0.0024729279424953485,0.9135463208886732,0.0008591309687743467,0.4631666276433995,0.010271516988362114,0.33323037743351436,0.011435671986326792
Other,max_confidence,0.03,5,5,0.32398956184002914,0.01011997515150279,0.02537070834069724,0.00029193793007529286,0.026236845136293662,0.00029546276171688263,0.05016193648663736,0.0008996299244157111,0.010166842230452899,0.00044719654426209944,0.011407115430357759,0.0009192383101892715,0.7222531184082958,0.002244536687875403,0.9137737121284004,0.0008264195783040743,0.46317913201407757,0.010279085614196852,0.3241818105706802,0.011708192422429393
Scan/Recon,entropy,0.03,5,5,0.5034613126351515,0.01943427478972612,0.02595252749605282,0.00011354175523936287,0.02684944248417448,0.00012570739146836724,0.05395151058150184,0.0011757572150768577,0.00976587719596312,0.00024219008027735197,0.010849841992592282,0.0004963012535884203,0.7710234919002674,0.0029141261398611938,0.9365037673219978,0.001131653463498743,0.6125307282752399,0.01891679498008356,0.4476937536189453,0.024292380324802288
Scan/Recon,family_conditional,0.03,5,5,0.3994414927895287,0.018899785488157267,0.026729999018794505,0.0004543976927247378,0.028018700598373924,0.0004809367896977647,0.04858413685795348,0.0011769995824041915,0.00347276495973354,6.963845707266719e-05,0.01714295422882186,0.0005455365237691328,0.8165110381145582,0.0034252089851370612,0.9291971863273041,0.0012195703475543606,,,,
Scan/Recon,margin,0.03,5,5,0.49281530596170653,0.020600171580013656,0.02579749703408346,0.0007233883596115086,0.026708039449751995,0.0007662463120447872,0.05318133611666478,0.001233793046502371,0.009364912161473341,0.0002881803936717697,0.011250807027082059,0.000649566505725385,0.7686184339854373,0.0041960280057288185,0.9360048165293614,0.0015772511352476156,0.6211917097262167,0.01909908436801129,0.4108820803664462,0.022693993293427375
Scan/Recon,max_confidence,0.03,5,5,0.4988930100674504,0.01875231633741843,0.026045474412837676,0.0001482787547256484,0.02696184942365552,0.0001648505698087916,0.053771142640979576,0.0010037534507054966,0.009507628529681561,0.00031548457340539266,0.01110809065887384,0.0005053502826985023,0.7697884747204189,0.0032249622423915648,0.9361349703039469,0.001218700552090566,0.6216758122467805,0.019078202604797662,0.4281609743882385,0.022862018185001134
Botnet,entropy,0.05,5,5,0.9993711440080222,5.565342302853792e-05,0.04031001944029302,6.388818379563515e-05,0.04168262639582218,8.085492202951851e-05,0.18245879793332595,5.692967462311267e-05,0.018026436508206116,0.0004130363172769369,0.0029290835570355196,0.00014446533466634114,0.8187268554935384,0.0007955946734422938,0.9483356691037612,0.00014985089230958103,0.9990158111485318,8.563568719501337e-05,0.9899197774113155,0.0004505245765549792
Botnet,family_conditional,0.05,5,5,0.9990096934468674,1.6710438673786987e-05,0.04865258658422614,0.0018743257865399393,0.05156007660669988,0.00198330266445784,0.1895112851719583,0.0015964597258490212,0.00145094974345028,0.00028113260786127956,0.01950457032179136,0.00025766677236912697,0.8818074011784564,0.0007266739310447286,0.9349274791565028,0.001465844945587426,,,,
Botnet,margin,0.05,5,5,0.9980465806663605,0.00010639738507318814,0.04019822789701766,5.622868845677715e-05,0.041549297248647296,7.214143051089597e-05,0.18216725347825463,5.734431541023276e-05,0.01826429712188652,0.000372620751630402,0.00269122294335514,0.00012634471060912368,0.8272023035770847,0.0004708297059301346,0.9482784014429436,0.00013496021661674963,0.9877331869553079,0.0007021828586236094,0.8386915104067418,0.009961672171356553
Botnet,max_confidence,0.05,5,5,0.9987252919081528,0.00013165128562658322,0.04016747043537576,8.720600573822174e-05,0.0415212499869182,0.00010392512528213515,0.18224165105521117,8.360537400176356e-05,0.01818954092901556,0.0003856777373211681,0.0027659791362261202,0.00012905724975248797,0.8232810323081351,0.0004781040339272558,0.9483917611820984,0.00015313384073121437,0.9930272768422871,0.0006128840403663701,0.9395821179785718,0.006217316433404962
BruteForce,entropy,0.05,5,5,0.32807424593967516,0.005185209680390349,0.03941503627411292,0.00013415806075332904,0.040382839511091576,0.00014376037272134366,0.04004185073629246,0.00013523161750136697,0.020843385775935242,0.00041100457682445953,0.00027863671888265996,4.745061009131088e-05,0.7706743594435604,0.0002780375842442889,0.9425649026491751,0.00020228239647975403,0.3468066059182476,0.005066339541268733,0.012701761394545902,0.00032963870821959966
BruteForce,family_conditional,0.05,5,5,0.01283836040216546,0.003703020764075515,0.04859527750685212,0.00014945448290998537,0.0510823361709851,0.00015535553955812385,0.04851763247764916,0.0001485508142702994,0.00086989024431676,9.863009462569791e-05,0.02025213225050116,0.0004509568602394453,0.7896825561469012,0.00016119873825191225,0.9268503878162632,0.00018230368318654087,,,,
BruteForce,margin,0.05,5,5,0.32807424593967516,0.005185209680390349,0.03939130515276694,0.00013881328391415317,0.04035769464033534,0.00014695140409951203,0.040018171146335615,0.0001402963004920807,0.020846783784702103,0.0004151276537724924,0.00027523871011579995,5.01134296230087e-05,0.770620796244817,0.0002750364164114177,0.9425885822391319,0.000200358543847532,0.3468206753350115,0.005067767190274347,0.012877998136269941,0.00039235631288352335
BruteForce,max_confidence,0.05,5,5,0.32807424593967516,0.005185209680390349,0.039406452677030336,0.0001422687059304393,0.04037363153025126,0.00014967735551965633,0.04003328577822296,0.0001434669241978995,0.020846783784702103,0.0004151276537724924,0.00027523871011579995,5.01134296230087e-05,0.7706531866891091,0.00025521036353450287,0.9425734676072446,0.0002031656657527961,0.34681723710603585,0.005067489445688457,0.01281352907413244,0.00035625004209550065
DDoS,entropy,0.05,5,5,0.4114938191961165,0.0031912148822427684,0.0416790856086509,0.00023008806094742623,0.04454479258769416,0.00023754518794167492,0.22604099927869611,0.0016664891319510481,0.015467735906758581,0.0003765892177390958,0.0048591525366134996,0.00023202453844418813,0.7356492168038065,0.0017821721547081493,0.6674962360368092,0.0015219146490988067,0.7899236588087136,0.0018879313242862812,0.8310755736245932,0.0031947671283638662
DDoS,family_conditional,0.05,5,5,0.7085456624888621,0.0003645675728667284,0.039528738827138324,0.00027208212334759704,0.0432081107387786,0.0003143873764958443,0.3730504434045204,0.00023550348997774146,0.005875157157905419,0.0002692801353244464,0.01445173128546666,0.00033715713538631645,0.8244631550839456,0.0004999051786486487,0.813148722099859,0.00013098809354266449,,,,
DDoS,margin,0.05,5,5,0.37839118871201105,0.023980811683798096,0.04121090544971076,7.307074266251322e-05,0.04402171086360488,9.708172812112412e-05,0.20930372768807426,0.011953843191257975,0.01550171599442722,0.0004122668357906519,0.0048251724489448795,0.0001970405638102514,0.743689602329017,0.006120815896319852,0.6512706787057508,0.011951754212350946,0.7778880764464141,0.0013444143691760978,0.8021434639604553,0.0030260619370148156
DDoS,max_confidence,0.05,5,5,0.4027947103974613,0.00280459270314246,0.04128190272703218,0.00019455298403666215,0.0441049284106191,0.00019780082732436067,0.22150509824930573,0.0014191659755699697,0.015460939889224862,0.0003927971735939865,0.0048659485541472204,0.00017843590816019796,0.7434177363654333,0.0017775871377193892,0.6634008425567576,0.0014059755682748422,0.7813850307133254,0.0014385342854853372,0.8193691512488902,0.00247227536249396
DoS,entropy,0.05,5,5,0.13535900584611182,0.0019463725084378374,0.04082991367978044,0.00010984840717871197,0.04226526760327008,0.00012164603704080572,0.05595537488905435,0.0003907800997226988,0.01787012810493046,0.00023646088447049264,0.00275578510992554,0.00016793521754937497,0.7002533345842368,0.0007350775187144241,0.8102608197672515,0.00013490404159760856,0.5514787235242743,0.0034359991057798882,0.2704295101988012,0.001059819362401779
DoS,family_conditional,0.05,5,5,0.27461821845775997,0.006768584819148461,0.03786293728663606,9.538983412740604e-05,0.03985737455748188,0.00010012245628881858,0.07574580212091869,0.0010755185999459583,0.005960107377077,0.0001403093738969217,0.01466580583777904,0.00027300626807237735,0.7982599155576248,0.001514337714912404,0.8310133772889221,0.001195702742477824,,,,
DoS,margin,0.05,5,5,0.12315564092068387,0.001964095297992016,0.04065697334419622,6.589767185536557e-05,0.04207535526247304,7.681919111519917e-05,0.05385746398309171,0.0003016606847303507,0.01796867035916948,0.00027173449282716426,0.00265724285568652,0.00014446533466636765,0.7058675551969857,0.0014866112140027544,0.8084836749380091,0.0004212213933605132,0.542531427740587,0.003325170452518349,0.22791334531447444,0.003439405925376027
DoS,max_confidence,0.05,5,5,0.1283741091764014,0.0015121449870338342,0.04059679410603338,0.00013501895810596106,0.042015450027456505,0.00013679274004933594,0.054641913378044596,0.00034525326551685195,0.017904108192599077,0.00026685729168913444,0.0027218050222569,0.00013345568579736498,0.7033829789251012,0.0008253481447015149,0.809354949496137,8.328089188867255e-05,0.5431119004688787,0.0033501405693297163,0.25160042392606885,0.0028312265248624027
Other,entropy,0.05,5,5,0.373259295221912,0.009560648452350594,0.04321269267996966,0.0012164787077526308,0.04485986374014804,0.0012660021462753822,0.07061304107233271,0.001277803738002749,0.01429882089095788,0.0005857993663260049,0.00727513676985282,0.0005705468205765624,0.7095967488606659,0.0023897638954255424,0.9017560683147773,0.001421824463624523,0.4604531129572703,0.010423240752689545,0.3103641682031504,0.013028087514367525
Other,family_conditional,0.05,5,5,0.1540720961281708,0.013830180794834418,0.04539926064369966,0.0014797381710782427,0.04771204822425668,0.0015742686251795633,0.054421239752489435,0.0022358962042469646,0.00480138638757682,0.0002561499156578071,0.01677257127323384,0.00097076953558202,0.6826598376689089,0.002940158748804817,0.8808921663382033,0.0011673108974500676,,,,
Other,margin,0.05,5,5,0.37041509891977176,0.010796501857202774,0.04247828129421229,0.0007121039324583993,0.044097164753627835,0.0007374940967269589,0.06970347611342353,0.0014792336891011162,0.014060960277277459,0.0005843192004811992,0.0075129973835332,0.0006063565506662117,0.7100818663464932,0.0013014633046721706,0.9021812932918746,0.0004810419056062241,0.4631666276433995,0.010271516988362114,0.33323037743351436,0.011435671986326792
Other,max_confidence,0.05,5,5,0.3738418901970304,0.010699908336886053,0.04393446706183243,0.0006914834054681215,0.04562062694243844,0.0007139636355782531,0.07132326083068331,0.0014447131084079213,0.01433619898739332,0.0006006166734182443,0.007237758673417319,0.0005431502043272342,0.709086297821433,0.0013865596050923364,0.9011459410075917,0.0005018830123519415,0.46317913201407757,0.010279085614196852,0.3241818105706802,0.011708192422429393
Scan/Recon,entropy,0.05,5,5,0.5339013876756076,0.020382336174318238,0.04583121482155436,0.00014543784578794323,0.047666567502532405,0.00015735995598080362,0.07444947052604792,0.0011348000772966765,0.012708552788066142,0.00025114250397727483,0.00790716640048924,0.0005360082835379104,0.7442387278425684,0.0026889551874276617,0.9197622972225183,0.0012737485688404646,0.6125307282752399,0.01891679498008356,0.4476937536189453,0.024292380324802288
Scan/Recon,family_conditional,0.05,5,5,0.448956737172235,0.019139861337918566,0.04613735092367108,0.0028722213697150913,0.04836548636242102,0.0030226005577589565,0.0697568811460921,0.0028791225801677272,0.00592612728940834,0.00027953656697371384,0.014689591899147059,0.0005964207212453509,0.8099700894293278,0.003707761991427168,0.9140194088667469,0.003009804345804366,,,,
Scan/Recon,margin,0.05,5,5,0.5268040498933108,0.021255324970572156,0.043436003104177216,0.0005149648231556405,0.045173279910225024,0.000533721841493753,0.07177854713120085,0.0014986404315163126,0.01208331917496342,0.00026331827470944336,0.008532400013591979,0.0004600507335234392,0.7466457241414934,0.0026002452016471735,0.9215653048663237,0.0011486468649062882,0.6211917097262167,0.01909908436801129,0.4108820803664462,0.022693993293427375
Scan/Recon,max_confidence,0.05,5,5,0.530521703017371,0.021042293956556993,0.04450979867448058,0.0005074863866027128,0.0462903827107959,0.0005243087208268636,0.07300736670364147,0.001480521697097686,0.01237554792891362,0.00030406957610758895,0.00824017125964182,0.0004252604917185016,0.7456728487266308,0.002486862439394482,0.9207884127873143,0.0011352490013698993,0.6216758122467805,0.019078202604797662,0.4281609743882385,0.022862018185001134
Botnet,entropy,0.1,5,5,0.9993711440080222,5.565342302853792e-05,0.04031001944029302,6.388818379563515e-05,0.04168262639582218,8.085492202951851e-05,0.18245879793332595,5.692967462311267e-05,0.018026436508206116,0.0004130363172769369,0.0029290835570355196,0.00014446533466634114,0.8187268554935384,0.0007955946734422938,0.9483356691037612,0.00014985089230958103,0.9990158111485318,8.563568719501337e-05,0.9899197774113155,0.0004505245765549792
Botnet,family_conditional,0.1,5,5,0.9990096934468674,1.6710438673786987e-05,0.04865258658422614,0.0018743257865399393,0.05156007660669988,0.00198330266445784,0.1895112851719583,0.0015964597258490212,0.00145094974345028,0.00028113260786127956,0.01950457032179136,0.00025766677236912697,0.8818074011784564,0.0007266739310447286,0.9349274791565028,0.001465844945587426,,,,
Botnet,margin,0.1,5,5,0.9980465806663605,0.00010639738507318814,0.04019822789701766,5.622868845677715e-05,0.041549297248647296,7.214143051089597e-05,0.18216725347825463,5.734431541023276e-05,0.01826429712188652,0.000372620751630402,0.00269122294335514,0.00012634471060912368,0.8272023035770847,0.0004708297059301346,0.9482784014429436,0.00013496021661674963,0.9877331869553079,0.0007021828586236094,0.8386915104067418,0.009961672171356553
Botnet,max_confidence,0.1,5,5,0.9987252919081528,0.00013165128562658322,0.04016747043537576,8.720600573822174e-05,0.0415212499869182,0.00010392512528213515,0.18224165105521117,8.360537400176356e-05,0.01818954092901556,0.0003856777373211681,0.0027659791362261202,0.00012905724975248797,0.8232810323081351,0.0004781040339272558,0.9483917611820984,0.00015313384073121437,0.9930272768422871,0.0006128840403663701,0.9395821179785718,0.006217316433404962
BruteForce,entropy,0.1,5,5,0.32807424593967516,0.005185209680390349,0.03941503627411292,0.00013415806075332904,0.040382839511091576,0.00014376037272134366,0.04004185073629246,0.00013523161750136697,0.020843385775935242,0.00041100457682445953,0.00027863671888265996,4.745061009131088e-05,0.7706743594435604,0.0002780375842442889,0.9425649026491751,0.00020228239647975403,0.3468066059182476,0.005066339541268733,0.012701761394545902,0.00032963870821959966
BruteForce,family_conditional,0.1,5,5,0.01283836040216546,0.003703020764075515,0.04859527750685212,0.00014945448290998537,0.0510823361709851,0.00015535553955812385,0.04851763247764916,0.0001485508142702994,0.00086989024431676,9.863009462569791e-05,0.02025213225050116,0.0004509568602394453,0.7896825561469012,0.00016119873825191225,0.9268503878162632,0.00018230368318654087,,,,
BruteForce,margin,0.1,5,5,0.32807424593967516,0.005185209680390349,0.03939130515276694,0.00013881328391415317,0.04035769464033534,0.00014695140409951203,0.040018171146335615,0.0001402963004920807,0.020846783784702103,0.0004151276537724924,0.00027523871011579995,5.01134296230087e-05,0.770620796244817,0.0002750364164114177,0.9425885822391319,0.000200358543847532,0.3468206753350115,0.005067767190274347,0.012877998136269941,0.00039235631288352335
BruteForce,max_confidence,0.1,5,5,0.32807424593967516,0.005185209680390349,0.039406452677030336,0.0001422687059304393,0.04037363153025126,0.00014967735551965633,0.04003328577822296,0.0001434669241978995,0.020846783784702103,0.0004151276537724924,0.00027523871011579995,5.01134296230087e-05,0.7706531866891091,0.00025521036353450287,0.9425734676072446,0.0002031656657527961,0.34681723710603585,0.005067489445688457,0.01281352907413244,0.00035625004209550065
DDoS,entropy,0.1,5,5,0.4114938191961165,0.0031912148822427684,0.0416790856086509,0.00023008806094742623,0.04454479258769416,0.00023754518794167492,0.22604099927869611,0.0016664891319510481,0.015467735906758581,0.0003765892177390958,0.0048591525366134996,0.00023202453844418813,0.7356492168038065,0.0017821721547081493,0.6674962360368092,0.0015219146490988067,0.7899236588087136,0.0018879313242862812,0.8310755736245932,0.0031947671283638662
DDoS,family_conditional,0.1,5,5,0.7085456624888621,0.0003645675728667284,0.039528738827138324,0.00027208212334759704,0.0432081107387786,0.0003143873764958443,0.3730504434045204,0.00023550348997774146,0.005875157157905419,0.0002692801353244464,0.01445173128546666,0.00033715713538631645,0.8244631550839456,0.0004999051786486487,0.813148722099859,0.00013098809354266449,,,,
DDoS,margin,0.1,5,5,0.37839118871201105,0.023980811683798096,0.04121090544971076,7.307074266251322e-05,0.04402171086360488,9.708172812112412e-05,0.20930372768807426,0.011953843191257975,0.01550171599442722,0.0004122668357906519,0.0048251724489448795,0.0001970405638102514,0.743689602329017,0.006120815896319852,0.6512706787057508,0.011951754212350946,0.7778880764464141,0.0013444143691760978,0.8021434639604553,0.0030260619370148156
DDoS,max_confidence,0.1,5,5,0.4027947103974613,0.00280459270314246,0.04128190272703218,0.00019455298403666215,0.0441049284106191,0.00019780082732436067,0.22150509824930573,0.0014191659755699697,0.015460939889224862,0.0003927971735939865,0.0048659485541472204,0.00017843590816019796,0.7434177363654333,0.0017775871377193892,0.6634008425567576,0.0014059755682748422,0.7813850307133254,0.0014385342854853372,0.8193691512488902,0.00247227536249396
DoS,entropy,0.1,5,5,0.13535900584611182,0.0019463725084378374,0.04082991367978044,0.00010984840717871197,0.04226526760327008,0.00012164603704080572,0.05595537488905435,0.0003907800997226988,0.01787012810493046,0.00023646088447049264,0.00275578510992554,0.00016793521754937497,0.7002533345842368,0.0007350775187144241,0.8102608197672515,0.00013490404159760856,0.5514787235242743,0.0034359991057798882,0.2704295101988012,0.001059819362401779
DoS,family_conditional,0.1,5,5,0.27461821845775997,0.006768584819148461,0.03786293728663606,9.538983412740604e-05,0.03985737455748188,0.00010012245628881858,0.07574580212091869,0.0010755185999459583,0.005960107377077,0.0001403093738969217,0.01466580583777904,0.00027300626807237735,0.7982599155576248,0.001514337714912404,0.8310133772889221,0.001195702742477824,,,,
DoS,margin,0.1,5,5,0.12315564092068387,0.001964095297992016,0.04065697334419622,6.589767185536557e-05,0.04207535526247304,7.681919111519917e-05,0.05385746398309171,0.0003016606847303507,0.01796867035916948,0.00027173449282716426,0.00265724285568652,0.00014446533466636765,0.7058675551969857,0.0014866112140027544,0.8084836749380091,0.0004212213933605132,0.542531427740587,0.003325170452518349,0.22791334531447444,0.003439405925376027
DoS,max_confidence,0.1,5,5,0.1283741091764014,0.0015121449870338342,0.04059679410603338,0.00013501895810596106,0.042015450027456505,0.00013679274004933594,0.054641913378044596,0.00034525326551685195,0.017904108192599077,0.00026685729168913444,0.0027218050222569,0.00013345568579736498,0.7033829789251012,0.0008253481447015149,0.809354949496137,8.328089188867255e-05,0.5431119004688787,0.0033501405693297163,0.25160042392606885,0.0028312265248624027
Other,entropy,0.1,5,5,0.373259295221912,0.009560648452350594,0.04321269267996966,0.0012164787077526308,0.04485986374014804,0.0012660021462753822,0.07061304107233271,0.001277803738002749,0.01429882089095788,0.0005857993663260049,0.00727513676985282,0.0005705468205765624,0.7095967488606659,0.0023897638954255424,0.9017560683147773,0.001421824463624523,0.4604531129572703,0.010423240752689545,0.3103641682031504,0.013028087514367525
Other,family_conditional,0.1,5,5,0.1540720961281708,0.013830180794834418,0.04539926064369966,0.0014797381710782427,0.04771204822425668,0.0015742686251795633,0.054421239752489435,0.0022358962042469646,0.00480138638757682,0.0002561499156578071,0.01677257127323384,0.00097076953558202,0.6826598376689089,0.002940158748804817,0.8808921663382033,0.0011673108974500676,,,,
Other,margin,0.1,5,5,0.37041509891977176,0.010796501857202774,0.04247828129421229,0.0007121039324583993,0.044097164753627835,0.0007374940967269589,0.06970347611342353,0.0014792336891011162,0.014060960277277459,0.0005843192004811992,0.0075129973835332,0.0006063565506662117,0.7100818663464932,0.0013014633046721706,0.9021812932918746,0.0004810419056062241,0.4631666276433995,0.010271516988362114,0.33323037743351436,0.011435671986326792
Other,max_confidence,0.1,5,5,0.3738418901970304,0.010699908336886053,0.04393446706183243,0.0006914834054681215,0.04562062694243844,0.0007139636355782531,0.07132326083068331,0.0014447131084079213,0.01433619898739332,0.0006006166734182443,0.007237758673417319,0.0005431502043272342,0.709086297821433,0.0013865596050923364,0.9011459410075917,0.0005018830123519415,0.46317913201407757,0.010279085614196852,0.3241818105706802,0.011708192422429393
Scan/Recon,entropy,0.1,5,5,0.5339013876756076,0.020382336174318238,0.04583121482155436,0.00014543784578794323,0.047666567502532405,0.00015735995598080362,0.07444947052604792,0.0011348000772966765,0.012708552788066142,0.00025114250397727483,0.00790716640048924,0.0005360082835379104,0.7442387278425684,0.0026889551874276617,0.9197622972225183,0.0012737485688404646,0.6125307282752399,0.01891679498008356,0.4476937536189453,0.024292380324802288
Scan/Recon,family_conditional,0.1,5,5,0.448956737172235,0.019139861337918566,0.04613735092367108,0.0028722213697150913,0.04836548636242102,0.0030226005577589565,0.0697568811460921,0.0028791225801677272,0.00592612728940834,0.00027953656697371384,0.014689591899147059,0.0005964207212453509,0.8099700894293278,0.003707761991427168,0.9140194088667469,0.003009804345804366,,,,
Scan/Recon,margin,0.1,5,5,0.5268040498933108,0.021255324970572156,0.043436003104177216,0.0005149648231556405,0.045173279910225024,0.000533721841493753,0.07177854713120085,0.0014986404315163126,0.01208331917496342,0.00026331827470944336,0.008532400013591979,0.0004600507335234392,0.7466457241414934,0.0026002452016471735,0.9215653048663237,0.0011486468649062882,0.6211917097262167,0.01909908436801129,0.4108820803664462,0.022693993293427375
Scan/Recon,max_confidence,0.1,5,5,0.530521703017371,0.021042293956556993,0.04450979867448058,0.0005074863866027128,0.0462903827107959,0.0005243087208268636,0.07300736670364147,0.001480521697097686,0.01237554792891362,0.00030406957610758895,0.00824017125964182,0.0004252604917185016,0.7456728487266308,0.002486862439394482,0.9207884127873143,0.0011352490013698993,0.6216758122467805,0.019078202604797662,0.4281609743882385,0.022862018185001134
