surface,claim_status,paper,model_profile,dataset,task_or_holdout,accuracy,macro_f1,weighted_f1,binary_f1,stage1_auc,stage2_macro_f1,overall_reject_rate,unknown_detection_rate,false_unknown_rate_all_known,benign_family_fp_rate,method,delta_macro_f1_mean,delta_unknown_detection_mean
paper_style_closed_set,paper-style_framework-compatible_not-byte-identical,adewole2025_xgb,,CICIDS2017,binary,0.9985341430447944,0.9980253565187448,0.998533080840062,0.9970230232423272,,,,,,,,,
paper_style_closed_set,paper-style_framework-compatible_not-byte-identical,adewole2025_xgb,,CICIDS2017,family,0.9961957521876804,0.9205930209401167,0.9961264350317216,,,,,,,,,,
paper_style_closed_set,paper-style_framework-compatible_not-byte-identical,adewole2025_xgb,,CICIoT2023,binary,0.988768,0.9394575205434568,0.9887367467099148,0.9940961395733158,,,,,,,,,
paper_style_closed_set,paper-style_framework-compatible_not-byte-identical,neto2023_rf,,CICIoT2023,binary,0.9892833333333332,0.9421154785760988,0.9892113995201486,0.9943676431170496,,,,,,,,,
paper_style_closed_set,paper-style_framework-compatible_not-byte-identical,neto2023_rf,,CICIoT2023,family,0.97974,0.904974505109935,0.9795799499117094,,,,,,,,,,
protocol_a_reference_profile,reference-profile_full-framework_not-paper-reproduction,adewole2025_xgb,adewole2025_xgb_profile,CICIDS2017,closed_set_system,0.9823462595264838,0.6592261454102497,,,0.9951993032987329,0.8670402452969057,0.0024145392703712,,,,,,
protocol_a_reference_profile,reference-profile_full-framework_not-paper-reproduction,adewole2025_xgb,adewole2025_xgb_profile,CICIoT2023,closed_set_system,0.8739151289771286,0.5875076723772326,,,0.9797791471279126,0.836673261293264,0.0,,,,,,
protocol_a_reference_profile,reference-profile_full-framework_not-paper-reproduction,neto2023_rf,neto2023_rf_profile,CICIoT2023,closed_set_system,0.9667670267262168,0.7252695126769594,,,0.9969884471583134,0.8538596494185647,0.0,,,,,,
protocol_b_reference_profile,reference-profile_full-framework_not-paper-reproduction,neto2023_rf,neto2023_rf_profile,CICIoT2023,BruteForce,0.9617482255002312,0.7969344756750861,,,0.9969531171426071,0.9740395228946336,0.0148929506196579,0.2691415313225058,0.0143396563026744,0.0092425838458663,,,
protocol_b_reference_profile,reference-profile_full-framework_not-paper-reproduction,adewole2025_xgb,adewole2025_xgb_profile,CICIoT2023,BruteForce,0.968643856447944,0.8057443845782807,,,0.9965964797575534,0.975129469076603,0.0095877148272019,0.1589327146171693,0.009262711087062,0.0120799211661966,,,
protocol_b_reference_profile,reference-profile_full-framework_not-paper-reproduction,neto2023_rf,neto2023_rf_profile,CICIoT2023,Scan/Recon,0.9350314342358168,0.77277449833962,,,0.99521514230704,0.948986628638352,0.0074548723275441,0.1123172320955477,0.0009232251331317,0.0194196201026198,,,
protocol_b_reference_profile,reference-profile_full-framework_not-paper-reproduction,neto2023_rf,neto2023_rf_profile,CICIoT2023,Other,0.9112577976805758,0.6973709888239066,,,0.9882391825856336,0.9422251113988084,0.0073112833246144,0.0619007161063235,0.0023689803677734,0.0197594209793061,,,
protocol_b_reference_profile,reference-profile_full-framework_not-paper-reproduction,adewole2025_xgb,adewole2025_xgb_profile,CICIDS2017,Botnet,0.97847074572801,0.6528632481951019,,,0.9999921508883096,0.8421105000296827,0.0028978659736987,0.1036036036036036,0.0027467389516425,0.0216472155454519,,,
protocol_b_reference_profile,reference-profile_full-framework_not-paper-reproduction,adewole2025_xgb,adewole2025_xgb_profile,CICIoT2023,Scan/Recon,0.9312729291064984,0.7153093751988446,,,0.9945738427011984,0.9407589812628778,0.0024351351374045,0.0308467828552607,0.0006654356998224,0.0210506643107139,,,
protocol_b_reference_profile,reference-profile_full-framework_not-paper-reproduction,adewole2025_xgb,adewole2025_xgb_profile,CICIDS2017,BruteForce,0.9796204425545318,0.6890486334033812,,,0.9999874182127826,0.778405078624444,0.0026683765875828,0.0762527233115468,0.0025923073111624,0.0212591584373461,,,
protocol_b_reference_profile,reference-profile_full-framework_not-paper-reproduction,adewole2025_xgb,adewole2025_xgb_profile,CICIoT2023,Other,0.9101418340262272,0.6670014842276248,,,0.986414744925886,0.9316805028287152,0.0033789599285917,0.0326698223894485,0.0007270855863981,0.0196235006286316,,,
protocol_b_reference_profile,reference-profile_full-framework_not-paper-reproduction,adewole2025_xgb,adewole2025_xgb_profile,CICIoT2023,DoS,0.8084489112846681,0.7309107674012768,,,0.997437659922224,0.9151456521720504,0.011330935704875,0.0008816398501212,0.0133214041155801,0.0100920860375819,,,
protocol_b_reference_profile,reference-profile_full-framework_not-paper-reproduction,neto2023_rf,neto2023_rf_profile,CICIoT2023,Botnet,0.8226810166101407,0.6968606540952708,,,0.9967907875957512,0.890191420333136,0.0029767427800342,0.0043396728815767,0.0027395828815009,0.0193006897957796,,,
protocol_b_reference_profile,reference-profile_full-framework_not-paper-reproduction,adewole2025_xgb,adewole2025_xgb_profile,CICIoT2023,Botnet,0.8211183316133442,0.7154824959303806,,,0.9973700518100688,0.9108541727124512,0.0116332283426218,0.0042093693877435,0.0129250346021443,0.0105168371334398,,,
protocol_b_reference_profile,reference-profile_full-framework_not-paper-reproduction,neto2023_rf,neto2023_rf_profile,CICIoT2023,DoS,0.8060784331836705,0.6732476619560774,,,0.9968494357354012,0.8902274434675764,0.0218910251834958,0.0331926907858139,0.0197381903243381,0.008087260865133,,,
protocol_b_reference_profile,reference-profile_full-framework_not-paper-reproduction,adewole2025_xgb,adewole2025_xgb_profile,CICIoT2023,DDoS,0.4885082614058791,0.609408640412534,,,0.9973485073227516,0.915088706535462,0.0128566738237247,0.0240882072047337,0.0016912087286463,0.0203370824696727,,,
protocol_b_reference_profile,reference-profile_full-framework_not-paper-reproduction,adewole2025_xgb,adewole2025_xgb_profile,CICIDS2017,Web/App,0.9814721069150552,0.7122358677326653,,,0.9999913076821734,0.7807585304049406,0.0031746031746031,0.0,0.0031762968565691,0.019026382091454,,,
protocol_b_reference_profile,reference-profile_full-framework_not-paper-reproduction,neto2023_rf,neto2023_rf_profile,CICIoT2023,DDoS,0.4757960162868556,0.6142488713724548,,,0.9960204668060186,0.892679924153328,0.0030397204128981,0.0060974274582991,0.0,0.0205919331271874,,,
protocol_b_reference_profile,reference-profile_full-framework_not-paper-reproduction,adewole2025_xgb,adewole2025_xgb_profile,CICIDS2017,DoS,0.9598573565972572,0.5751380607539257,,,0.9999089998414284,0.8418785947206666,0.002353391155659,0.0272703549060542,0.0019162044042939,0.0271958530016506,,,
protocol_b_reference_profile,reference-profile_full-framework_not-paper-reproduction,adewole2025_xgb,adewole2025_xgb_profile,CICIDS2017,DDoS,0.9339385553418156,0.51181193320324,,,0.9999433735827516,0.8431786110811395,0.0039575669625279,0.0003119475928044,0.004122465201267,0.023439807709015,,,
protocol_b_reference_profile,reference-profile_full-framework_not-paper-reproduction,adewole2025_xgb,adewole2025_xgb_profile,CICIDS2017,Scan/Recon,0.821551753231413,0.3813465650884957,,,0.9976048687740696,0.8318944287598338,0.0005962224247128,2.821073418435715e-05,0.0007040179885965,0.0224001621731198,,,
open_set_reference_profile,reference-profile_open-set-replay_not-paper-reproduction,adewole2025_xgb,adewole2025_xgb_profile,CICIDS2017,Botnet,0.9767945732509872,0.6152751435808657,,,,,0.0076788948511131,0.0015015015015015,0.0076881651378214,0.0178013958472097,control_tau,,
open_set_reference_profile,reference-profile_open-set-replay_not-paper-reproduction,adewole2025_xgb,adewole2025_xgb_profile,CICIDS2017,Botnet,0.976994813989853,0.615834101374975,,,,,0.0046797835600103,0.0,0.0046868064146156,0.0212823260258897,margin_reject,,
open_set_reference_profile,reference-profile_open-set-replay_not-paper-reproduction,adewole2025_xgb,adewole2025_xgb_profile,CICIDS2017,Botnet,0.9769835645101416,0.6196698074429304,,,,,0.0055639926653392,0.0,0.0055723424343002,0.0201558020329558,entropy_reject,,
open_set_reference_profile,reference-profile_open-set-replay_not-paper-reproduction,adewole2025_xgb,adewole2025_xgb_profile,CICIDS2017,Botnet,0.9733342332917102,0.6399779285721462,,,,,0.0203818073414104,0.9264264264264264,0.0190221248808582,0.0087312849323796,conformal_reject,,
open_set_reference_profile,reference-profile_open-set-replay_not-paper-reproduction,adewole2025_xgb,adewole2025_xgb_profile,CICIDS2017,BruteForce,0.9783492513471252,0.7340399667848535,,,,,0.0107770015636776,0.2766884531590414,0.0105021103318423,0.0130375604529263,control_tau,,
open_set_reference_profile,reference-profile_open-set-replay_not-paper-reproduction,adewole2025_xgb,adewole2025_xgb_profile,CICIDS2017,BruteForce,0.9783200026998752,0.7658950922237028,,,,,0.0130808950086058,0.4357298474945534,0.0126439732796403,0.0105325649416466,margin_reject,,
open_set_reference_profile,reference-profile_open-set-replay_not-paper-reproduction,adewole2025_xgb,adewole2025_xgb_profile,CICIDS2017,BruteForce,0.9781782592555094,0.7666484807186962,,,,,0.0144105835105126,0.5010893246187363,0.0139074697188776,0.0091772610118444,entropy_reject,,
open_set_reference_profile,reference-profile_open-set-replay_not-paper-reproduction,adewole2025_xgb,adewole2025_xgb_profile,CICIDS2017,BruteForce,0.9500208115374664,0.7262881645034744,,,,,0.0478935349240097,0.1830065359477124,0.0477538591820831,0.0018418232892183,conformal_reject,,
open_set_reference_profile,reference-profile_open-set-replay_not-paper-reproduction,adewole2025_xgb,adewole2025_xgb_profile,CICIDS2017,DDoS,0.9373088994633998,0.5199924850740166,,,,,0.0122664326774886,0.0723718415306228,0.0095477516926094,0.0170079059395905,control_tau,,
open_set_reference_profile,reference-profile_open-set-replay_not-paper-reproduction,adewole2025_xgb,adewole2025_xgb_profile,CICIDS2017,DDoS,0.93568447459305,0.5061708655630094,,,,,0.0070894221142272,0.0284392222106686,0.0061237303959494,0.0206828646723234,margin_reject,,
open_set_reference_profile,reference-profile_open-set-replay_not-paper-reproduction,adewole2025_xgb,adewole2025_xgb_profile,CICIDS2017,DDoS,0.9381076125229209,0.5214582192498044,,,,,0.0143948342389164,0.094156181761464,0.0107870780822658,0.015727896672555,entropy_reject,,
open_set_reference_profile,reference-profile_open-set-replay_not-paper-reproduction,adewole2025_xgb,adewole2025_xgb_profile,CICIDS2017,DDoS,0.94292238983947,0.567770522145525,,,,,0.0269357542213672,0.2670791307060414,0.0160736164578781,0.0121542961397005,conformal_reject,,
open_set_reference_profile,reference-profile_open-set-replay_not-paper-reproduction,adewole2025_xgb,adewole2025_xgb_profile,CICIDS2017,DoS,0.9617697681482232,0.5646063753032194,,,,,0.0051927598348576,0.037839248434238,0.0046199527931483,0.021760157539602,control_tau,,
open_set_reference_profile,reference-profile_open-set-replay_not-paper-reproduction,adewole2025_xgb,adewole2025_xgb_profile,CICIDS2017,DoS,0.9618012666914156,0.5794925642477204,,,,,0.0062862092628215,0.0427974947807933,0.0056455914707154,0.0205583388839014,margin_reject,,
open_set_reference_profile,reference-profile_open-set-replay_not-paper-reproduction,adewole2025_xgb,adewole2025_xgb_profile,CICIDS2017,DoS,0.9618890126331656,0.5737169737552127,,,,,0.0096003059858481,0.063152400835073,0.008660694458117,0.0172135182879152,entropy_reject,,
open_set_reference_profile,reference-profile_open-set-replay_not-paper-reproduction,adewole2025_xgb,adewole2025_xgb_profile,CICIDS2017,DoS,0.9585501670547736,0.6391121509999138,,,,,0.0329204774279189,0.5167014613778705,0.0244321784977598,0.0110596275810141,conformal_reject,,
open_set_reference_profile,reference-profile_open-set-replay_not-paper-reproduction,adewole2025_xgb,adewole2025_xgb_profile,CICIDS2017,Scan/Recon,0.825408074876537,0.4465971166594534,,,,,0.0058834778891476,0.0048945623809859,0.0060711513237144,0.0132286930584112,control_tau,,
open_set_reference_profile,reference-profile_open-set-replay_not-paper-reproduction,adewole2025_xgb,adewole2025_xgb_profile,CICIDS2017,Scan/Recon,0.8253720765414599,0.4482105503636293,,,,,0.0043985465672212,0.0040200296212708,0.0044703803838638,0.0147635457994266,margin_reject,,
open_set_reference_profile,reference-profile_open-set-replay_not-paper-reproduction,adewole2025_xgb,adewole2025_xgb_profile,CICIDS2017,Scan/Recon,0.8254125746684216,0.4516404352224741,,,,,0.00420280562024,0.0041328725580083,0.004216077308135,0.0149923257362949,entropy_reject,,
open_set_reference_profile,reference-profile_open-set-replay_not-paper-reproduction,adewole2025_xgb,adewole2025_xgb_profile,CICIDS2017,Scan/Recon,0.95021880238039,0.6682693230687891,,,,,0.1435658600789713,0.8220466887650751,0.0148057927563776,0.0104746459702875,conformal_reject,,
open_set_reference_profile,reference-profile_open-set-replay_not-paper-reproduction,adewole2025_xgb,adewole2025_xgb_profile,CICIDS2017,Web/App,0.9770578110762376,0.7099139260243225,,,,,0.0072221659748236,0.0084388185654008,0.0072215168787199,0.0195157973994381,control_tau,,
open_set_reference_profile,reference-profile_open-set-replay_not-paper-reproduction,adewole2025_xgb,adewole2025_xgb_profile,CICIDS2017,Web/App,0.9770645607640648,0.6997522616343017,,,,,0.0054919959951852,0.0042194092827004,0.0054926749326922,0.0217225102082187,margin_reject,,
open_set_reference_profile,reference-profile_open-set-replay_not-paper-reproduction,adewole2025_xgb,adewole2025_xgb_profile,CICIDS2017,Web/App,0.9770488114924684,0.7157490002712953,,,,,0.0084213605120763,0.0084388185654008,0.0084213511980334,0.0179838406069908,entropy_reject,,
open_set_reference_profile,reference-profile_open-set-replay_not-paper-reproduction,adewole2025_xgb,adewole2025_xgb_profile,CICIDS2017,Web/App,0.971633311959322,0.7324453549875197,,,,,0.0245126162914965,0.0590717299578059,0.0244941786650098,0.004349714749066,conformal_reject,,
open_set_reference_profile,reference-profile_open-set-replay_not-paper-reproduction,adewole2025_xgb,adewole2025_xgb_profile,CICIoT2023,Botnet,0.830987346534005,0.7187253780289893,,,,,0.0396565955635196,0.1260657975990164,0.0246207565546911,0.0022087056984607,control_tau,,
open_set_reference_profile,reference-profile_open-set-replay_not-paper-reproduction,adewole2025_xgb,adewole2025_xgb_profile,CICIoT2023,Botnet,0.8671491033244633,0.7534028905801554,,,,,0.0820581762181343,0.3906328784041787,0.0283639002038667,0.0013422134629107,margin_reject,,
open_set_reference_profile,reference-profile_open-set-replay_not-paper-reproduction,adewole2025_xgb,adewole2025_xgb_profile,CICIoT2023,Botnet,0.8300888656384798,0.715833882676499,,,,,0.0389940708657913,0.1207403504597447,0.0247696147825092,0.0020557953039518,entropy_reject,,
open_set_reference_profile,reference-profile_open-set-replay_not-paper-reproduction,adewole2025_xgb,adewole2025_xgb_profile,CICIoT2023,Botnet,0.8272968572481797,0.7949309877079356,,,,,0.301875305966333,0.99982437355179,0.1804270160924616,0.0044174113969214,conformal_reject,,
open_set_reference_profile,reference-profile_open-set-replay_not-paper-reproduction,neto2023_rf,neto2023_rf_profile,CICIoT2023,Botnet,0.8643361023898752,0.7427170555418634,,,,,0.0680561491780579,0.3492303595809893,0.0191297609987499,0.0082231812158075,control_tau,,
open_set_reference_profile,reference-profile_open-set-replay_not-paper-reproduction,neto2023_rf,neto2023_rf_profile,CICIoT2023,Botnet,0.8485967323845263,0.7296558417260693,,,,,0.0515711239996003,0.2405345842468741,0.0186900870278433,0.0081722110843045,margin_reject,,
open_set_reference_profile,reference-profile_open-set-replay_not-paper-reproduction,neto2023_rf,neto2023_rf_profile,CICIoT2023,Botnet,0.8793919551532078,0.7597246618711809,,,,,0.0696448649297715,0.4153905422324954,0.0094825648568397,0.0151381290563729,entropy_reject,,
open_set_reference_profile,reference-profile_open-set-replay_not-paper-reproduction,neto2023_rf,neto2023_rf_profile,CICIoT2023,Botnet,0.9016927548012048,0.8308111535713317,,,,,0.2240357914483092,0.9997847159667104,0.0890497521658379,0.0062183560433585,conformal_reject,,
open_set_reference_profile,reference-profile_open-set-replay_not-paper-reproduction,adewole2025_xgb,adewole2025_xgb_profile,CICIoT2023,BruteForce,0.9544780875624214,0.788001080402517,,,,,0.0266009124199449,0.3190255220417633,0.0259645396456994,0.0009004723232185,control_tau,,
open_set_reference_profile,reference-profile_open-set-replay_not-paper-reproduction,adewole2025_xgb,adewole2025_xgb_profile,CICIoT2023,BruteForce,0.95450495801911,0.7880268056442595,,,,,0.0265748816650278,0.3190255220417633,0.0259384522428013,0.0009004723232185,margin_reject,,
open_set_reference_profile,reference-profile_open-set-replay_not-paper-reproduction,adewole2025_xgb,adewole2025_xgb_profile,CICIoT2023,BruteForce,0.9544604538252196,0.7879801915905815,,,,,0.0266177064553753,0.3190255220417633,0.0259813702282142,0.0009174623670529,entropy_reject,,
open_set_reference_profile,reference-profile_open-set-replay_not-paper-reproduction,adewole2025_xgb,adewole2025_xgb_profile,CICIoT2023,BruteForce,0.9352791462584148,0.78898951312532,,,,,0.0386649077713559,0.0146945088940448,0.038717072017221,0.0199972815929865,conformal_reject,,
open_set_reference_profile,reference-profile_open-set-replay_not-paper-reproduction,neto2023_rf,neto2023_rf_profile,CICIoT2023,BruteForce,0.941482862946396,0.7736134719756818,,,,,0.037757190156344,0.6608662026295437,0.0364011838631741,0.0026844269258214,control_tau,,
open_set_reference_profile,reference-profile_open-set-replay_not-paper-reproduction,neto2023_rf,neto2023_rf_profile,CICIoT2023,BruteForce,0.9478184128125056,0.7815814609719831,,,,,0.0310907977922561,0.6040216550657386,0.0298439889153783,0.0032790784600224,margin_reject,,
open_set_reference_profile,reference-profile_open-set-replay_not-paper-reproduction,neto2023_rf,neto2023_rf_profile,CICIoT2023,BruteForce,0.9456981658394203,0.7797916728021246,,,,,0.0331497465360202,0.5931941221964424,0.0319309811472229,0.003313058547691,entropy_reject,,
open_set_reference_profile,reference-profile_open-set-replay_not-paper-reproduction,neto2023_rf,neto2023_rf_profile,CICIoT2023,BruteForce,0.9369854202581412,0.7847078526296567,,,,,0.0338231873567783,0.0092807424593967,0.0338765964859426,0.0187570083930816,conformal_reject,,
open_set_reference_profile,reference-profile_open-set-replay_not-paper-reproduction,adewole2025_xgb,adewole2025_xgb_profile,CICIoT2023,DDoS,0.5292421943422574,0.6408695459373169,,,,,0.0761853020281316,0.1229221163126397,0.0297234120219823,0.0066261170953821,control_tau,,
open_set_reference_profile,reference-profile_open-set-replay_not-paper-reproduction,adewole2025_xgb,adewole2025_xgb_profile,CICIoT2023,DDoS,0.5100835587232838,0.6241550281527395,,,,,0.0555932954851754,0.0832551503891742,0.0280941584645834,0.0075095993747663,margin_reject,,
open_set_reference_profile,reference-profile_open-set-replay_not-paper-reproduction,adewole2025_xgb,adewole2025_xgb_profile,CICIoT2023,DDoS,0.5246020023528444,0.6386434531728318,,,,,0.0632169478687949,0.1066830836812965,0.0200064969206605,0.011128478711475,entropy_reject,,
open_set_reference_profile,reference-profile_open-set-replay_not-paper-reproduction,adewole2025_xgb,adewole2025_xgb_profile,CICIoT2023,DDoS,0.8655897771347528,0.8088591096363696,,,,,0.5341678849339868,0.9190894957494868,0.1515105340535761,0.0038227598627204,conformal_reject,,
open_set_reference_profile,reference-profile_open-set-replay_not-paper-reproduction,neto2023_rf,neto2023_rf_profile,CICIoT2023,DDoS,0.5451402679824233,0.6612260831560736,,,,,0.072989397085731,0.1460738125596899,0.0003348928175537,0.0209827041353766,control_tau,,
open_set_reference_profile,reference-profile_open-set-replay_not-paper-reproduction,neto2023_rf,neto2023_rf_profile,CICIoT2023,DDoS,0.5338286454182932,0.647498155330161,,,,,0.0664699525316588,0.1265485697153242,0.0067447413455323,0.0182812871657208,margin_reject,,
open_set_reference_profile,reference-profile_open-set-replay_not-paper-reproduction,neto2023_rf,neto2023_rf_profile,CICIoT2023,DDoS,0.5529276622114889,0.6715906644148263,,,,,0.0805811408020327,0.1615784589004755,6.028070715967354e-05,0.0209827041353766,entropy_reject,,
open_set_reference_profile,reference-profile_open-set-replay_not-paper-reproduction,neto2023_rf,neto2023_rf_profile,CICIoT2023,DDoS,0.8055519401729282,0.7892142674371784,,,,,0.3803462762165389,0.7093026193672487,0.0533249833390823,0.0066261170953821,conformal_reject,,
open_set_reference_profile,reference-profile_open-set-replay_not-paper-reproduction,adewole2025_xgb,adewole2025_xgb_profile,CICIoT2023,DoS,0.7952412421204486,0.7142883382695296,,,,,0.0299370475581892,0.0104274903701837,0.0336533895805946,0.0006796017533725,control_tau,,
open_set_reference_profile,reference-profile_open-set-replay_not-paper-reproduction,adewole2025_xgb,adewole2025_xgb_profile,CICIoT2023,DoS,0.7951975776283295,0.7141878290166295,,,,,0.0299706356290499,0.0103960032326794,0.0336993737160679,0.0006796017533725,margin_reject,,
open_set_reference_profile,reference-profile_open-set-replay_not-paper-reproduction,adewole2025_xgb,adewole2025_xgb_profile,CICIoT2023,DoS,0.7952765095948523,0.714314393145224,,,,,0.0298908639607556,0.0103960032326794,0.0336044064797644,0.0006965917972068,entropy_reject,,
open_set_reference_profile,reference-profile_open-set-replay_not-paper-reproduction,adewole2025_xgb,adewole2025_xgb_profile,CICIoT2023,DoS,0.8301887901492906,0.7707128133025771,,,,,0.0269552665675258,0.1324453960557112,0.0068606330815868,0.020625913214856,conformal_reject,,
open_set_reference_profile,reference-profile_open-set-replay_not-paper-reproduction,neto2023_rf,neto2023_rf_profile,CICIoT2023,DoS,0.8060649979553262,0.6613055330052154,,,,,0.0370543597735828,0.0829948466051617,0.0283032353837925,0.0035339291175371,control_tau,,
open_set_reference_profile,reference-profile_open-set-replay_not-paper-reproduction,neto2023_rf,neto2023_rf_profile,CICIoT2023,DoS,0.805430183416058,0.6625354592290463,,,,,0.0366798527834854,0.0797989021484723,0.0284661791681869,0.0034829589860341,margin_reject,,
open_set_reference_profile,reference-profile_open-set-replay_not-paper-reproduction,neto2023_rf,neto2023_rf_profile,CICIoT2023,DoS,0.8059062943205091,0.6578189516666766,,,,,0.038512921750711,0.0871511487557332,0.0292479094712324,0.0036528594243773,entropy_reject,,
open_set_reference_profile,reference-profile_open-set-replay_not-paper-reproduction,neto2023_rf,neto2023_rf_profile,CICIoT2023,DoS,0.818453957892315,0.7501205774758999,,,,,0.0606776897117219,0.1969940279395866,0.0347110246964797,0.0052329335009684,conformal_reject,,
open_set_reference_profile,reference-profile_open-set-replay_not-paper-reproduction,adewole2025_xgb,adewole2025_xgb_profile,CICIoT2023,Other,0.9207355115757088,0.7168587277612897,,,,,0.0411210354530484,0.3108285795201683,0.0167028225389205,0.0013761935505793,control_tau,,
open_set_reference_profile,reference-profile_open-set-replay_not-paper-reproduction,adewole2025_xgb,adewole2025_xgb_profile,CICIoT2023,Other,0.9166058582633791,0.7147844751959836,,,,,0.0508489804760941,0.3442367601246106,0.0242868563255072,0.0005266913588637,margin_reject,,
open_set_reference_profile,reference-profile_open-set-replay_not-paper-reproduction,adewole2025_xgb,adewole2025_xgb_profile,CICIoT2023,Other,0.9202803932155456,0.7127524328784921,,,,,0.0335981472820113,0.2637253712020067,0.0127633739335238,0.0042135308709096,entropy_reject,,
open_set_reference_profile,reference-profile_open-set-replay_not-paper-reproduction,adewole2025_xgb,adewole2025_xgb_profile,CICIoT2023,Other,0.8737382431255715,0.6595124559174426,,,,,0.0480712470159098,0.0766274224218149,0.0454858882211219,0.0173978048863366,conformal_reject,,
open_set_reference_profile,reference-profile_open-set-replay_not-paper-reproduction,neto2023_rf,neto2023_rf_profile,CICIoT2023,Other,0.9082306727942504,0.6802682731948916,,,,,0.0190116878089577,0.1119270137961726,0.0105995159478073,0.016769173264467,control_tau,,
open_set_reference_profile,reference-profile_open-set-replay_not-paper-reproduction,neto2023_rf,neto2023_rf_profile,CICIoT2023,Other,0.9030723848118104,0.6718425591972428,,,,,0.0306281221161492,0.1489662984990087,0.0199142698329992,0.0126915627442318,margin_reject,,
open_set_reference_profile,reference-profile_open-set-replay_not-paper-reproduction,neto2023_rf,neto2023_rf_profile,CICIoT2023,Other,0.9088713652459192,0.6856961473494458,,,,,0.0135150000125955,0.0840514625561354,0.0071289185013978,0.018994869006762,entropy_reject,,
open_set_reference_profile,reference-profile_open-set-replay_not-paper-reproduction,neto2023_rf,neto2023_rf_profile,CICIoT2023,Other,0.879288671835311,0.6782274839863897,,,,,0.0387312442113059,0.0570255289881458,0.0370749548318683,0.0179414862890346,conformal_reject,,
open_set_reference_profile,reference-profile_open-set-replay_not-paper-reproduction,adewole2025_xgb,adewole2025_xgb_profile,CICIoT2023,Scan/Recon,0.9398051388069012,0.7704465870325985,,,,,0.0339818909915954,0.3658795056495152,0.0133087139964498,0.0049780828434537,control_tau,,
open_set_reference_profile,reference-profile_open-set-replay_not-paper-reproduction,adewole2025_xgb,adewole2025_xgb_profile,CICIoT2023,Scan/Recon,0.930352615964914,0.7649757692443938,,,,,0.0619254865441989,0.5224333729539303,0.0332414568224999,0.0023616160929695,margin_reject,,
open_set_reference_profile,reference-profile_open-set-replay_not-paper-reproduction,adewole2025_xgb,adewole2025_xgb_profile,CICIoT2023,Scan/Recon,0.940278730606038,0.7715416546280504,,,,,0.0320614930401318,0.3540076472525741,0.0120081707654294,0.0060314655611811,entropy_reject,,
open_set_reference_profile,reference-profile_open-set-replay_not-paper-reproduction,adewole2025_xgb,adewole2025_xgb_profile,CICIoT2023,Scan/Recon,0.903366280431842,0.7373365442193798,,,,,0.0561399413384342,0.2502685130819573,0.0440480969074188,0.015358999626219,conformal_reject,,
open_set_reference_profile,reference-profile_open-set-replay_not-paper-reproduction,neto2023_rf,neto2023_rf_profile,CICIoT2023,Scan/Recon,0.9378620689076068,0.7450909981562394,,,,,0.0326081388933906,0.3472339572383967,0.0130107843399609,0.0154269598015562,control_tau,,
open_set_reference_profile,reference-profile_open-set-replay_not-paper-reproduction,neto2023_rf,neto2023_rf_profile,CICIoT2023,Scan/Recon,0.9139389654370352,0.716023999732762,,,,,0.0674910298858257,0.4373397871944321,0.0444539591640129,0.0096503448978898,margin_reject,,
open_set_reference_profile,reference-profile_open-set-replay_not-paper-reproduction,neto2023_rf,neto2023_rf_profile,CICIoT2023,Scan/Recon,0.9378645880129214,0.7464454633420468,,,,,0.0349147996597528,0.3668533130934139,0.0142390751692579,0.0152570593632131,entropy_reject,,
open_set_reference_profile,reference-profile_open-set-replay_not-paper-reproduction,neto2023_rf,neto2023_rf_profile,CICIoT2023,Scan/Recon,0.9149239356150268,0.7957852650011848,,,,,0.0566891062970075,0.3576451044694897,0.0379432149642752,0.0164293723877807,conformal_reject,,
sink_aware_reference_profile,reference-profile_sink-aware-replay_not-paper-reproduction,adewole2025_xgb,adewole2025_xgb_profile,CICIDS2017,BruteForce,0.9783492513471252,0.7340399667848535,,,,,0.0107770015636776,0.2766884531590414,0.0105021103318423,0.0130375604529263,control_tau,,
sink_aware_reference_profile,reference-profile_sink-aware-replay_not-paper-reproduction,adewole2025_xgb,adewole2025_xgb_profile,CICIDS2017,BruteForce,0.9783492513471252,0.7340399667848535,,,,,0.0107770015636776,0.2766884531590414,0.0105021103318423,0.0130375604529263,sink_aware_reject,,
sink_aware_reference_profile,reference-profile_sink-aware-replay_not-paper-reproduction,adewole2025_xgb,adewole2025_xgb_profile,CICIDS2017,BruteForce,,,,,,,,,,,sink_aware_delta_vs_control,0.0,0.0
sink_aware_reference_profile,reference-profile_sink-aware-replay_not-paper-reproduction,adewole2025_xgb,adewole2025_xgb_profile,CICIDS2017,Botnet,0.9767945732509872,0.6152751435808657,,,,,0.0076788948511131,0.0015015015015015,0.0076881651378214,0.0178013958472097,control_tau,,
sink_aware_reference_profile,reference-profile_sink-aware-replay_not-paper-reproduction,adewole2025_xgb,adewole2025_xgb_profile,CICIDS2017,Botnet,0.9769768148223144,0.6237648642229292,,,,,0.0110177404295051,0.2117117117117117,0.0107165631288038,0.0140829978859575,sink_aware_reject,,
sink_aware_reference_profile,reference-profile_sink-aware-replay_not-paper-reproduction,adewole2025_xgb,adewole2025_xgb_profile,CICIDS2017,Botnet,,,,,,,,,,,sink_aware_delta_vs_control,0.0085554073701774,0.2119198344706716
sink_aware_reference_profile,reference-profile_sink-aware-replay_not-paper-reproduction,adewole2025_xgb,adewole2025_xgb_profile,CICIDS2017,Web/App,0.9770578110762376,0.7099139260243225,,,,,0.0072221659748236,0.0084388185654008,0.0072215168787199,0.0195157973994381,control_tau,,
sink_aware_reference_profile,reference-profile_sink-aware-replay_not-paper-reproduction,adewole2025_xgb,adewole2025_xgb_profile,CICIDS2017,Web/App,0.97703081232493,0.7261249611029675,,,,,0.0082301193569797,0.0168776371308016,0.0082255058213349,0.0182647476180823,sink_aware_reject,,
sink_aware_reference_profile,reference-profile_sink-aware-replay_not-paper-reproduction,adewole2025_xgb,adewole2025_xgb_profile,CICIDS2017,Web/App,,,,,,,,,,,sink_aware_delta_vs_control,0.0162147788175876,0.0087909069911949
sink_aware_reference_profile,reference-profile_sink-aware-replay_not-paper-reproduction,adewole2025_xgb,adewole2025_xgb_profile,CICIDS2017,DoS,0.9617697681482232,0.5646063753032194,,,,,0.0051927598348576,0.037839248434238,0.0046199527931483,0.021760157539602,control_tau,,
sink_aware_reference_profile,reference-profile_sink-aware-replay_not-paper-reproduction,adewole2025_xgb,adewole2025_xgb_profile,CICIDS2017,DoS,0.9617697681482232,0.5646063753032194,,,,,0.0051927598348576,0.037839248434238,0.0046199527931483,0.021760157539602,sink_aware_reject,,
sink_aware_reference_profile,reference-profile_sink-aware-replay_not-paper-reproduction,adewole2025_xgb,adewole2025_xgb_profile,CICIDS2017,DoS,,,,,,,,,,,sink_aware_delta_vs_control,0.0,0.0
sink_aware_reference_profile,reference-profile_sink-aware-replay_not-paper-reproduction,adewole2025_xgb,adewole2025_xgb_profile,CICIDS2017,DDoS,0.9373088994633998,0.5199924850740166,,,,,0.0122664326774886,0.0723718415306228,0.0095477516926094,0.0170079059395905,control_tau,,
sink_aware_reference_profile,reference-profile_sink-aware-replay_not-paper-reproduction,adewole2025_xgb,adewole2025_xgb_profile,CICIDS2017,DDoS,0.964624886099018,0.6424269357725229,,,,,0.0427615222795945,0.7177394197774773,0.0122309991510496,0.0145058063768787,sink_aware_reject,,
sink_aware_reference_profile,reference-profile_sink-aware-replay_not-paper-reproduction,adewole2025_xgb,adewole2025_xgb_profile,CICIDS2017,DDoS,,,,,,,,,,,sink_aware_delta_vs_control,0.1224533533730747,0.6454833603310512
sink_aware_reference_profile,reference-profile_sink-aware-replay_not-paper-reproduction,adewole2025_xgb,adewole2025_xgb_profile,CICIDS2017,Scan/Recon,0.825408074876537,0.4465971166594534,,,,,0.0058834778891476,0.0048945623809859,0.0060711513237144,0.0132286930584112,control_tau,,
sink_aware_reference_profile,reference-profile_sink-aware-replay_not-paper-reproduction,adewole2025_xgb,adewole2025_xgb_profile,CICIDS2017,Scan/Recon,0.948722621578752,0.6003862484230787,,,,,0.1305299629892117,0.7788701600959165,0.0074898947988328,0.011873389128609,sink_aware_reject,,
sink_aware_reference_profile,reference-profile_sink-aware-replay_not-paper-reproduction,adewole2025_xgb,adewole2025_xgb_profile,CICIDS2017,Scan/Recon,,,,,,,,,,,sink_aware_delta_vs_control,0.1539415154080369,0.7741061799193215
sink_aware_reference_profile,reference-profile_sink-aware-replay_not-paper-reproduction,adewole2025_xgb,adewole2025_xgb_profile,CICIoT2023,Botnet,0.830987346534005,0.7187253780289893,,,,,0.0396565955635196,0.1260657975990164,0.0246207565546911,0.0022087056984607,control_tau,,
sink_aware_reference_profile,reference-profile_sink-aware-replay_not-paper-reproduction,adewole2025_xgb,adewole2025_xgb_profile,CICIoT2023,Botnet,0.830987346534005,0.7187253780289893,,,,,0.0396565955635196,0.1260657975990164,0.0246207565546911,0.0022087056984607,sink_aware_reject,,
sink_aware_reference_profile,reference-profile_sink-aware-replay_not-paper-reproduction,adewole2025_xgb,adewole2025_xgb_profile,CICIoT2023,Botnet,,,,,,,,,,,sink_aware_delta_vs_control,0.0,0.0
sink_aware_reference_profile,reference-profile_sink-aware-replay_not-paper-reproduction,adewole2025_xgb,adewole2025_xgb_profile,CICIoT2023,Scan/Recon,0.9398051388069012,0.7704465870325985,,,,,0.0339818909915954,0.3658795056495152,0.0133087139964498,0.0049780828434537,control_tau,,
sink_aware_reference_profile,reference-profile_sink-aware-replay_not-paper-reproduction,adewole2025_xgb,adewole2025_xgb_profile,CICIoT2023,Scan/Recon,0.929417188191442,0.7579710368822822,,,,,0.0595508099343437,0.4939351845221899,0.032493956666399,0.0017159944272656,sink_aware_reject,,
sink_aware_reference_profile,reference-profile_sink-aware-replay_not-paper-reproduction,adewole2025_xgb,adewole2025_xgb_profile,CICIoT2023,Scan/Recon,,,,,,,,,,,sink_aware_delta_vs_control,-0.0124586531728409,0.1280651373168753
sink_aware_reference_profile,reference-profile_sink-aware-replay_not-paper-reproduction,neto2023_rf,neto2023_rf_profile,CICIoT2023,BruteForce,0.941482862946396,0.7736134719756818,,,,,0.037757190156344,0.6608662026295437,0.0364011838631741,0.0026844269258214,control_tau,,
sink_aware_reference_profile,reference-profile_sink-aware-replay_not-paper-reproduction,neto2023_rf,neto2023_rf_profile,CICIoT2023,BruteForce,0.939411318676059,0.7709004639117522,,,,,0.0399672852189816,0.6879350348027842,0.0385571814833297,0.0025315165313126,sink_aware_reject,,
sink_aware_reference_profile,reference-profile_sink-aware-replay_not-paper-reproduction,neto2023_rf,neto2023_rf_profile,CICIoT2023,BruteForce,,,,,,,,,,,sink_aware_delta_vs_control,-0.0027064905980527,0.0273628465414173
sink_aware_reference_profile,reference-profile_sink-aware-replay_not-paper-reproduction,adewole2025_xgb,adewole2025_xgb_profile,CICIoT2023,BruteForce,0.9544780875624214,0.788001080402517,,,,,0.0266009124199449,0.3190255220417633,0.0259645396456994,0.0009004723232185,control_tau,,
sink_aware_reference_profile,reference-profile_sink-aware-replay_not-paper-reproduction,adewole2025_xgb,adewole2025_xgb_profile,CICIoT2023,BruteForce,0.9430732581016528,0.7717040875532184,,,,,0.0380359711444883,0.3194122196442382,0.0374236417509528,0.0004587311835264,sink_aware_reject,,
sink_aware_reference_profile,reference-profile_sink-aware-replay_not-paper-reproduction,adewole2025_xgb,adewole2025_xgb_profile,CICIoT2023,BruteForce,,,,,,,,,,,sink_aware_delta_vs_control,-0.0163116923570912,0.0004030767441157
sink_aware_reference_profile,reference-profile_sink-aware-replay_not-paper-reproduction,neto2023_rf,neto2023_rf_profile,CICIoT2023,Botnet,0.8643361023898752,0.7427170555418634,,,,,0.0680561491780579,0.3492303595809893,0.0191297609987499,0.0082231812158075,control_tau,,
sink_aware_reference_profile,reference-profile_sink-aware-replay_not-paper-reproduction,neto2023_rf,neto2023_rf_profile,CICIoT2023,Botnet,0.8643361023898752,0.7427170555418634,,,,,0.0680561491780579,0.3492303595809893,0.0191297609987499,0.0082231812158075,sink_aware_reject,,
sink_aware_reference_profile,reference-profile_sink-aware-replay_not-paper-reproduction,neto2023_rf,neto2023_rf_profile,CICIoT2023,Botnet,,,,,,,,,,,sink_aware_delta_vs_control,0.0,0.0
sink_aware_reference_profile,reference-profile_sink-aware-replay_not-paper-reproduction,adewole2025_xgb,adewole2025_xgb_profile,CICIoT2023,DDoS,0.5292421943422574,0.6408695459373169,,,,,0.0761853020281316,0.1229221163126397,0.0297234120219823,0.0066261170953821,control_tau,,
sink_aware_reference_profile,reference-profile_sink-aware-replay_not-paper-reproduction,adewole2025_xgb,adewole2025_xgb_profile,CICIoT2023,DDoS,0.5292421943422574,0.6408695459373169,,,,,0.0761853020281316,0.1229221163126397,0.0297234120219823,0.0066261170953821,sink_aware_reject,,
sink_aware_reference_profile,reference-profile_sink-aware-replay_not-paper-reproduction,adewole2025_xgb,adewole2025_xgb_profile,CICIoT2023,DDoS,,,,,,,,,,,sink_aware_delta_vs_control,0.0,0.0
sink_aware_reference_profile,reference-profile_sink-aware-replay_not-paper-reproduction,neto2023_rf,neto2023_rf_profile,CICIoT2023,DDoS,0.5451402679824233,0.6612260831560736,,,,,0.072989397085731,0.1460738125596899,0.0003348928175537,0.0209827041353766,control_tau,,
sink_aware_reference_profile,reference-profile_sink-aware-replay_not-paper-reproduction,neto2023_rf,neto2023_rf_profile,CICIoT2023,DDoS,0.5508661943624102,0.6642630632772685,,,,,0.0787665452737805,0.1576067091914508,0.0003901501324501,0.0209827041353766,sink_aware_reject,,
sink_aware_reference_profile,reference-profile_sink-aware-replay_not-paper-reproduction,neto2023_rf,neto2023_rf_profile,CICIoT2023,DDoS,,,,,,,,,,,sink_aware_delta_vs_control,0.0030346470250646,0.0115245862561441
sink_aware_reference_profile,reference-profile_sink-aware-replay_not-paper-reproduction,adewole2025_xgb,adewole2025_xgb_profile,CICIoT2023,DoS,0.7952412421204486,0.7142883382695296,,,,,0.0299370475581892,0.0104274903701837,0.0336533895805946,0.0006796017533725,control_tau,,
sink_aware_reference_profile,reference-profile_sink-aware-replay_not-paper-reproduction,adewole2025_xgb,adewole2025_xgb_profile,CICIoT2023,DoS,0.7952412421204486,0.7142883382695296,,,,,0.0299370475581892,0.0104274903701837,0.0336533895805946,0.0006796017533725,sink_aware_reject,,
sink_aware_reference_profile,reference-profile_sink-aware-replay_not-paper-reproduction,adewole2025_xgb,adewole2025_xgb_profile,CICIoT2023,DoS,,,,,,,,,,,sink_aware_delta_vs_control,0.0,0.0
sink_aware_reference_profile,reference-profile_sink-aware-replay_not-paper-reproduction,neto2023_rf,neto2023_rf_profile,CICIoT2023,DoS,0.8060649979553262,0.6613055330052154,,,,,0.0370543597735828,0.0829948466051617,0.0283032353837925,0.0035339291175371,control_tau,,
sink_aware_reference_profile,reference-profile_sink-aware-replay_not-paper-reproduction,neto2023_rf,neto2023_rf_profile,CICIoT2023,DoS,0.8152051517383087,0.6829152364514997,,,,,0.0644252787180105,0.1970832414958489,0.0391554913554823,0.0035339291175371,sink_aware_reject,,
sink_aware_reference_profile,reference-profile_sink-aware-replay_not-paper-reproduction,neto2023_rf,neto2023_rf_profile,CICIoT2023,DoS,,,,,,,,,,,sink_aware_delta_vs_control,0.0216235812432543,0.1141576906617102
sink_aware_reference_profile,reference-profile_sink-aware-replay_not-paper-reproduction,neto2023_rf,neto2023_rf_profile,CICIoT2023,Other,0.9082306727942504,0.6802682731948916,,,,,0.0190116878089577,0.1119270137961726,0.0105995159478073,0.016769173264467,control_tau,,
sink_aware_reference_profile,reference-profile_sink-aware-replay_not-paper-reproduction,neto2023_rf,neto2023_rf_profile,CICIoT2023,Other,0.9082306727942504,0.6802682731948916,,,,,0.0190116878089577,0.1119270137961726,0.0105995159478073,0.016769173264467,sink_aware_reject,,
sink_aware_reference_profile,reference-profile_sink-aware-replay_not-paper-reproduction,neto2023_rf,neto2023_rf_profile,CICIoT2023,Other,,,,,,,,,,,sink_aware_delta_vs_control,0.0,0.0
sink_aware_reference_profile,reference-profile_sink-aware-replay_not-paper-reproduction,adewole2025_xgb,adewole2025_xgb_profile,CICIoT2023,Other,0.9207355115757088,0.7168587277612897,,,,,0.0411210354530484,0.3108285795201683,0.0167028225389205,0.0013761935505793,control_tau,,
sink_aware_reference_profile,reference-profile_sink-aware-replay_not-paper-reproduction,adewole2025_xgb,adewole2025_xgb_profile,CICIoT2023,Other,0.9207355115757088,0.7168587277612897,,,,,0.0411210354530484,0.3108285795201683,0.0167028225389205,0.0013761935505793,sink_aware_reject,,
sink_aware_reference_profile,reference-profile_sink-aware-replay_not-paper-reproduction,adewole2025_xgb,adewole2025_xgb_profile,CICIoT2023,Other,,,,,,,,,,,sink_aware_delta_vs_control,0.0,0.0
sink_aware_reference_profile,reference-profile_sink-aware-replay_not-paper-reproduction,neto2023_rf,neto2023_rf_profile,CICIoT2023,Scan/Recon,0.9378620689076068,0.7450909981562394,,,,,0.0326081388933906,0.3472339572383967,0.0130107843399609,0.0154269598015562,control_tau,,
sink_aware_reference_profile,reference-profile_sink-aware-replay_not-paper-reproduction,neto2023_rf,neto2023_rf_profile,CICIoT2023,Scan/Recon,0.9291711555723868,0.7377590191225922,,,,,0.0556478761003242,0.4640192470177147,0.0302113159749168,0.0052329335009684,sink_aware_reject,,
sink_aware_reference_profile,reference-profile_sink-aware-replay_not-paper-reproduction,neto2023_rf,neto2023_rf_profile,CICIoT2023,Scan/Recon,,,,,,,,,,,sink_aware_delta_vs_control,-0.0073305110124459,0.1167855264945268
