dataset,holdout_family,analysis_lane,n_runs,modal_dominant_destination,dominant_destination_stability_fraction,unknown_detection_rate_mean,unknown_detection_rate_sd,unknown_detection_rate_min,unknown_detection_rate_max,dominant_destination_share_of_failures_mean,dominant_destination_share_of_failures_sd,dominant_destination_share_of_failures_min,dominant_destination_share_of_failures_max,normalized_destination_entropy_mean,normalized_destination_entropy_sd,normalized_destination_entropy_min,normalized_destination_entropy_max,destination_concentration_mean,destination_concentration_sd,destination_concentration_min,destination_concentration_max
CICIDS2017,Botnet,fixed_rf_primary,1,Scan/Recon,1.0,0.16455696202531644,,0.16455696202531644,0.16455696202531644,0.9507575757575758,,0.9507575757575758,0.9507575757575758,0.10954513746140147,,0.10954513746140147,0.10954513746140147,0.8904548625385985,,0.8904548625385985,0.8904548625385985
CICIDS2017,BruteForce,fixed_rf_primary,1,Web/App,1.0,0.8566493955094991,,0.8566493955094991,0.8566493955094991,0.963855421686747,,0.963855421686747,0.963855421686747,0.10818183490666992,,0.10818183490666992,0.10818183490666992,0.8918181650933301,,0.8918181650933301,0.8918181650933301
CICIDS2017,DDoS,fixed_rf_primary,1,Scan/Recon,1.0,0.5218544451517081,,0.5218544451517081,0.5218544451517081,1.0,,1.0,1.0,0.0,,-0.0,-0.0,1.0,,1.0,1.0
CICIDS2017,DoS,fixed_rf_primary,1,Scan/Recon,1.0,0.10076066894121595,,0.10076066894121595,0.10076066894121595,0.9524801741564298,,0.9524801741564298,0.9524801741564298,0.12880460334981636,,0.12880460334981636,0.12880460334981636,0.8711953966501836,,0.8711953966501836,0.8711953966501836
CICIDS2017,Scan/Recon,fixed_rf_primary,1,Botnet,1.0,0.04138739946380697,,0.04138739946380697,0.04138739946380697,0.8683446949833945,,0.8683446949833945,0.8683446949833945,0.25206639881461473,,0.25206639881461473,0.25206639881461473,0.7479336011853852,,0.7479336011853852,0.7479336011853852
CICIDS2017,Web/App,fixed_rf_primary,1,BruteForce,1.0,0.08,,0.08,0.08,1.0,,1.0,1.0,0.0,,-0.0,-0.0,1.0,,1.0,1.0
CICIoT2023,Botnet,fixed_rf_primary,5,DDoS,1.0,1.1330738594195263e-06,2.533630173190101e-06,0.0,5.6653692970976315e-06,0.9922203044947686,0.0015459434227154296,0.9906124830747092,0.9942609809020401,0.027696106675402843,0.004409368881717412,0.021806206194425096,0.03222757975040094,0.9723038933245972,0.004409368881717406,0.9677724202495991,0.9781937938055749
CICIoT2023,BruteForce,fixed_rf_primary,5,Other,1.0,0.30162412993039445,0.005027068832173248,0.29505027068832174,0.30819798917246716,0.6514948475081072,0.010377795697167541,0.6389195148842337,0.6605657237936772,0.4748351953873556,0.005832722789215923,0.46839729707553424,0.4816833221321872,0.5251648046126445,0.0058327227892159515,0.5183166778678128,0.5316027029244658
CICIoT2023,DDoS,fixed_rf_primary,5,DoS,1.0,0.009791255750025686,0.009990848427871376,0.0003250838396275516,0.020594819207907115,0.77816853982764,0.02776686237306404,0.7489081718618366,0.8103276889792352,0.32941496030781126,0.02137853759647731,0.3045722754905786,0.34978645543335435,0.6705850396921887,0.021378537596477284,0.6502135445666457,0.6954277245094214
CICIoT2023,DoS,fixed_rf_primary,5,DDoS,1.0,0.04976332168309246,0.006760363909086395,0.039563588274189994,0.05708618029534935,0.9979165850147421,0.00012611878410091382,0.9977348115496784,0.9980743297613168,0.008548408376089705,0.00044441946068818746,0.008005205553215199,0.009207733193060313,0.9914515916239104,0.00044441946068821364,0.9907922668069397,0.9919947944467848
CICIoT2023,Other,fixed_rf_primary,5,Benign,1.0,0.13086135048751873,0.010810861065883012,0.11703483432455396,0.14490027106849537,0.6140823559589851,0.007601774949352987,0.6028996575025456,0.6228965485640973,0.46018987498351327,0.00435034332476426,0.4565170415922425,0.46589595473145834,0.5398101250164867,0.004350343324764237,0.5341040452685417,0.5434829584077575
CICIoT2023,Scan/Recon,fixed_rf_primary,5,Other,1.0,0.12091251485772389,0.017331607460976426,0.10186312277134142,0.14176058657577797,0.524198524459458,0.013308071926704112,0.5052003328213006,0.5382779909894877,0.5106638798027536,0.002119093213417019,0.5078598365988354,0.5138326879481299,0.4893361201972463,0.002119093213417019,0.48616731205187014,0.4921401634011646
