dataset,budget,method,n_holdouts_total,n_holdouts_feasible,feasibility_fraction,feasible_holdouts
CICIDS2017,0.01,entropy,6,6,1.0,Botnet|BruteForce|DDoS|DoS|Scan/Recon|Web/App
CICIDS2017,0.01,family_conditional,6,0,0.0,
CICIDS2017,0.01,margin,6,6,1.0,Botnet|BruteForce|DDoS|DoS|Scan/Recon|Web/App
CICIDS2017,0.01,max_confidence,6,6,1.0,Botnet|BruteForce|DDoS|DoS|Scan/Recon|Web/App
CICIDS2017,0.03,entropy,6,6,1.0,Botnet|BruteForce|DDoS|DoS|Scan/Recon|Web/App
CICIDS2017,0.03,family_conditional,6,3,0.5,Botnet|BruteForce|Web/App
CICIDS2017,0.03,margin,6,6,1.0,Botnet|BruteForce|DDoS|DoS|Scan/Recon|Web/App
CICIDS2017,0.03,max_confidence,6,6,1.0,Botnet|BruteForce|DDoS|DoS|Scan/Recon|Web/App
CICIDS2017,0.05,entropy,6,6,1.0,Botnet|BruteForce|DDoS|DoS|Scan/Recon|Web/App
CICIDS2017,0.05,family_conditional,6,3,0.5,Botnet|BruteForce|Web/App
CICIDS2017,0.05,margin,6,6,1.0,Botnet|BruteForce|DDoS|DoS|Scan/Recon|Web/App
CICIDS2017,0.05,max_confidence,6,6,1.0,Botnet|BruteForce|DDoS|DoS|Scan/Recon|Web/App
CICIDS2017,0.1,entropy,6,6,1.0,Botnet|BruteForce|DDoS|DoS|Scan/Recon|Web/App
CICIDS2017,0.1,family_conditional,6,6,1.0,Botnet|BruteForce|DDoS|DoS|Scan/Recon|Web/App
CICIDS2017,0.1,margin,6,6,1.0,Botnet|BruteForce|DDoS|DoS|Scan/Recon|Web/App
CICIDS2017,0.1,max_confidence,6,6,1.0,Botnet|BruteForce|DDoS|DoS|Scan/Recon|Web/App
CICIoT2023,0.01,entropy,6,0,0.0,
CICIoT2023,0.01,family_conditional,6,1,0.16666666666666666,BruteForce
CICIoT2023,0.01,margin,6,0,0.0,
CICIoT2023,0.01,max_confidence,6,6,1.0,Botnet|BruteForce|DDoS|DoS|Other|Scan/Recon
CICIoT2023,0.03,entropy,6,4,0.6666666666666666,BruteForce|DoS|Other|Scan/Recon
CICIoT2023,0.03,family_conditional,6,4,0.6666666666666666,BruteForce|DoS|Other|Scan/Recon
CICIoT2023,0.03,margin,6,5,0.8333333333333334,Botnet|BruteForce|DoS|Other|Scan/Recon
CICIoT2023,0.03,max_confidence,6,6,1.0,Botnet|BruteForce|DDoS|DoS|Other|Scan/Recon
CICIoT2023,0.05,entropy,6,6,1.0,Botnet|BruteForce|DDoS|DoS|Other|Scan/Recon
CICIoT2023,0.05,family_conditional,6,4,0.6666666666666666,BruteForce|DoS|Other|Scan/Recon
CICIoT2023,0.05,margin,6,6,1.0,Botnet|BruteForce|DDoS|DoS|Other|Scan/Recon
CICIoT2023,0.05,max_confidence,6,6,1.0,Botnet|BruteForce|DDoS|DoS|Other|Scan/Recon
CICIoT2023,0.1,entropy,6,6,1.0,Botnet|BruteForce|DDoS|DoS|Other|Scan/Recon
CICIoT2023,0.1,family_conditional,6,4,0.6666666666666666,BruteForce|DoS|Other|Scan/Recon
CICIoT2023,0.1,margin,6,6,1.0,Botnet|BruteForce|DDoS|DoS|Other|Scan/Recon
CICIoT2023,0.1,max_confidence,6,6,1.0,Botnet|BruteForce|DDoS|DoS|Other|Scan/Recon
