model_profile,paper,dataset,metric,n_seeds,mean,sd,min,max
adewole2025_xgb_profile,adewole2025_xgb,CICIDS2017,stage1_auc,5,0.993250,0.002034,0.990484,0.995535
adewole2025_xgb_profile,adewole2025_xgb,CICIDS2017,stage1_fpr,5,0.013560,0.000886,0.012072,0.014363
adewole2025_xgb_profile,adewole2025_xgb,CICIDS2017,stage2_macro_f1_present,5,0.878223,0.017647,0.849154,0.895933
adewole2025_xgb_profile,adewole2025_xgb,CICIDS2017,system_accuracy,5,0.981834,0.001376,0.980290,0.983403
adewole2025_xgb_profile,adewole2025_xgb,CICIDS2017,system_benign_family_fp_rate,5,0.012723,0.000816,0.011512,0.013748
adewole2025_xgb_profile,adewole2025_xgb,CICIDS2017,system_macro_f1_supported_labels,5,0.714562,0.020991,0.683454,0.742508
adewole2025_xgb_profile,adewole2025_xgb,CICIDS2017,system_overall_reject_rate,5,0.000665,0.000292,0.000435,0.001139
christy2025_rf_profile,christy2025_rf,CICIDS2017,stage1_auc,5,0.994366,0.003027,0.989848,0.998176
christy2025_rf_profile,christy2025_rf,CICIDS2017,stage1_fpr,5,0.011036,0.000660,0.010476,0.012026
christy2025_rf_profile,christy2025_rf,CICIDS2017,stage2_macro_f1_present,5,0.890007,0.002470,0.886205,0.892228
christy2025_rf_profile,christy2025_rf,CICIDS2017,system_accuracy,5,0.986947,0.001250,0.985021,0.988213
christy2025_rf_profile,christy2025_rf,CICIDS2017,system_benign_family_fp_rate,5,0.003601,0.001554,0.002346,0.006280
christy2025_rf_profile,christy2025_rf,CICIDS2017,system_macro_f1_supported_labels,5,0.840912,0.011715,0.822328,0.851463
christy2025_rf_profile,christy2025_rf,CICIDS2017,system_overall_reject_rate,5,0.006848,0.001542,0.004550,0.008148
adewole2025_xgb_profile,adewole2025_xgb,CICIoT2023,stage1_auc,5,0.974574,0.005219,0.970551,0.982676
adewole2025_xgb_profile,adewole2025_xgb,CICIoT2023,stage1_fpr,5,0.018558,0.003749,0.015591,0.024230
adewole2025_xgb_profile,adewole2025_xgb,CICIoT2023,stage2_macro_f1_present,5,0.836729,0.001843,0.835069,0.839493
adewole2025_xgb_profile,adewole2025_xgb,CICIoT2023,system_accuracy,5,0.537199,0.253021,0.238066,0.866962
adewole2025_xgb_profile,adewole2025_xgb,CICIoT2023,system_benign_family_fp_rate,5,0.018371,0.003543,0.015346,0.023541
adewole2025_xgb_profile,adewole2025_xgb,CICIoT2023,system_macro_f1_supported_labels,5,0.449692,0.145219,0.278087,0.647788
adewole2025_xgb_profile,adewole2025_xgb,CICIoT2023,system_overall_reject_rate,5,0.000083,0.000122,0.000000,0.000282
hung2026_xgb_profile,hung2026_xgb,CICIoT2023,stage1_auc,5,0.995567,0.000054,0.995513,0.995653
hung2026_xgb_profile,hung2026_xgb,CICIoT2023,stage1_fpr,5,0.015346,0.000645,0.014391,0.016013
hung2026_xgb_profile,hung2026_xgb,CICIoT2023,stage2_macro_f1_present,5,0.843272,0.001261,0.841552,0.844529
hung2026_xgb_profile,hung2026_xgb,CICIoT2023,system_accuracy,5,0.957024,0.000299,0.956711,0.957359
hung2026_xgb_profile,hung2026_xgb,CICIoT2023,system_benign_family_fp_rate,5,0.015311,0.000713,0.014214,0.016013
hung2026_xgb_profile,hung2026_xgb,CICIoT2023,system_macro_f1_supported_labels,5,0.804751,0.001544,0.802982,0.807148
hung2026_xgb_profile,hung2026_xgb,CICIoT2023,system_overall_reject_rate,5,0.000095,0.000211,0.000000,0.000472
keskin2026_lgbm_profile,keskin2026_lgbm,CICIoT2023,stage1_auc,5,0.996068,0.000201,0.995891,0.996402
keskin2026_lgbm_profile,keskin2026_lgbm,CICIoT2023,stage1_fpr,5,0.015875,0.000381,0.015391,0.016435
keskin2026_lgbm_profile,keskin2026_lgbm,CICIoT2023,stage2_macro_f1_present,5,0.536389,0.249821,0.268929,0.803390
keskin2026_lgbm_profile,keskin2026_lgbm,CICIoT2023,system_accuracy,5,0.751299,0.183616,0.574334,0.953570
keskin2026_lgbm_profile,keskin2026_lgbm,CICIoT2023,system_benign_family_fp_rate,5,0.013703,0.003165,0.009883,0.016435
keskin2026_lgbm_profile,keskin2026_lgbm,CICIoT2023,system_macro_f1_supported_labels,5,0.541892,0.216583,0.339039,0.779538
keskin2026_lgbm_profile,keskin2026_lgbm,CICIoT2023,system_overall_reject_rate,5,0.011865,0.019661,0.000000,0.045332
