dataset,model_family,metric,n,mean,sd,min,max
CICIDS2017,catboost,stage1_auc,5,0.994262,0.001668,0.992536,0.996514
CICIDS2017,catboost,stage1_fpr,5,0.012726,0.001030,0.011785,0.014338
CICIDS2017,catboost,stage2_macro_f1_present,5,0.843502,0.006860,0.837056,0.854086
CICIDS2017,catboost,strict_tau_accuracy,5,0.961355,0.006068,0.956814,0.970305
CICIDS2017,catboost,strict_tau_benign_family_fp_rate,5,0.008070,0.001747,0.006356,0.010109
CICIDS2017,catboost,strict_tau_macro_f1_supported_labels,5,0.720444,0.026782,0.683757,0.752354
CICIDS2017,catboost,system_accuracy,5,0.961946,0.006062,0.957420,0.970696
CICIDS2017,catboost,system_benign_family_fp_rate,5,0.012726,0.001030,0.011785,0.014338
CICIDS2017,catboost,system_macro_f1_supported_labels,5,0.697023,0.016320,0.674490,0.715287
CICIDS2017,extra_trees,stage1_auc,5,0.988809,0.003607,0.984402,0.993925
CICIDS2017,extra_trees,stage1_fpr,5,0.009861,0.000746,0.008572,0.010459
CICIDS2017,extra_trees,stage2_macro_f1_present,5,0.912895,0.002796,0.909221,0.915333
CICIDS2017,extra_trees,strict_tau_accuracy,5,0.987446,0.000801,0.986572,0.988238
CICIDS2017,extra_trees,strict_tau_benign_family_fp_rate,5,0.003542,0.000719,0.002456,0.004284
CICIDS2017,extra_trees,strict_tau_macro_f1_supported_labels,5,0.865171,0.016636,0.845285,0.889319
CICIDS2017,extra_trees,system_accuracy,5,0.987929,0.000866,0.986941,0.988889
CICIDS2017,extra_trees,system_benign_family_fp_rate,5,0.009861,0.000746,0.008572,0.010459
CICIDS2017,extra_trees,system_macro_f1_supported_labels,5,0.830877,0.011559,0.819403,0.844695
CICIDS2017,lgbm,stage1_auc,5,0.996117,0.001093,0.994546,0.997149
CICIDS2017,lgbm,stage1_fpr,5,0.009924,0.000783,0.009094,0.011154
CICIDS2017,lgbm,stage2_macro_f1_present,5,0.893563,0.003129,0.889447,0.898108
CICIDS2017,lgbm,strict_tau_accuracy,5,0.983650,0.000964,0.982324,0.985027
CICIDS2017,lgbm,strict_tau_benign_family_fp_rate,5,0.003773,0.000708,0.002679,0.004397
CICIDS2017,lgbm,strict_tau_macro_f1_supported_labels,5,0.758612,0.005550,0.751199,0.765169
CICIDS2017,lgbm,system_accuracy,5,0.984194,0.000945,0.982959,0.985592
CICIDS2017,lgbm,system_benign_family_fp_rate,5,0.009924,0.000783,0.009094,0.011154
CICIDS2017,lgbm,system_macro_f1_supported_labels,5,0.732803,0.005535,0.726512,0.739583
CICIoT2023,catboost,stage1_auc,5,0.995913,0.000363,0.995293,0.996151
CICIoT2023,catboost,stage1_fpr,5,0.016781,0.000320,0.016368,0.017034
CICIoT2023,catboost,stage2_macro_f1_present,5,0.852153,0.003832,0.846221,0.856704
CICIoT2023,catboost,strict_tau_accuracy,5,0.958224,0.001059,0.956550,0.959164
CICIoT2023,catboost,strict_tau_benign_family_fp_rate,5,0.016754,0.000355,0.016324,0.017034
CICIoT2023,catboost,strict_tau_macro_f1_supported_labels,5,0.824630,0.005040,0.818730,0.829615
CICIoT2023,catboost,system_accuracy,5,0.958260,0.001036,0.956630,0.959164
CICIoT2023,catboost,system_benign_family_fp_rate,5,0.016781,0.000320,0.016368,0.017034
CICIoT2023,catboost,system_macro_f1_supported_labels,5,0.824742,0.004956,0.818730,0.829615
CICIoT2023,extra_trees,stage1_auc,5,0.996509,0.000023,0.996470,0.996525
CICIoT2023,extra_trees,stage1_fpr,5,0.016470,0.000374,0.016212,0.017101
CICIoT2023,extra_trees,stage2_macro_f1_present,5,0.850099,0.000790,0.849278,0.851321
CICIoT2023,extra_trees,strict_tau_accuracy,5,0.961364,0.000113,0.961200,0.961479
CICIoT2023,extra_trees,strict_tau_benign_family_fp_rate,5,0.016470,0.000374,0.016212,0.017101
CICIoT2023,extra_trees,strict_tau_macro_f1_supported_labels,5,0.821039,0.000698,0.820050,0.821605
CICIoT2023,extra_trees,system_accuracy,5,0.961367,0.000112,0.961205,0.961483
CICIoT2023,extra_trees,system_benign_family_fp_rate,5,0.016470,0.000374,0.016212,0.017101
CICIoT2023,extra_trees,system_macro_f1_supported_labels,5,0.821133,0.000695,0.820145,0.821693
CICIoT2023,lgbm,stage1_auc,5,0.996855,0.000333,0.996436,0.997369
CICIoT2023,lgbm,stage1_fpr,5,0.016141,0.000631,0.015413,0.016968
CICIoT2023,lgbm,stage2_macro_f1_present,5,0.853767,0.001931,0.850323,0.854878
CICIoT2023,lgbm,strict_tau_accuracy,5,0.963442,0.000727,0.962347,0.964233
CICIoT2023,lgbm,strict_tau_benign_family_fp_rate,5,0.016106,0.000639,0.015413,0.016968
CICIoT2023,lgbm,strict_tau_macro_f1_supported_labels,5,0.823639,0.001830,0.821080,0.825428
CICIoT2023,lgbm,system_accuracy,5,0.963483,0.000722,0.962347,0.964233
CICIoT2023,lgbm,system_benign_family_fp_rate,5,0.016141,0.000631,0.015413,0.016968
CICIoT2023,lgbm,system_macro_f1_supported_labels,5,0.823809,0.001722,0.821080,0.825428
