comparison_key,dataset,metric,n,mean,sd,min,max
CICIDS2017::rf::strict,CICIDS2017,benign_family_fp_rate,5,0.006871,0.000752,0.005889,0.007670
CICIDS2017::rf::strict,CICIDS2017,stage1_roc_auc,5,0.989060,0.002437,0.986344,0.992837
CICIDS2017::rf::strict,CICIDS2017,stage2_macro_f1_present,5,0.870412,0.006817,0.862304,0.878325
CICIDS2017::rf::strict,CICIDS2017,system_accuracy,5,0.987951,0.001437,0.986258,0.989498
CICIDS2017::rf::strict,CICIDS2017,system_macro_f1_supported_labels,5,0.820022,0.003785,0.817138,0.826653
CICIDS2017::rf::strict_tau,CICIDS2017,benign_family_fp_rate,5,0.002752,0.001234,0.001407,0.004629
CICIDS2017::rf::strict_tau,CICIDS2017,stage1_roc_auc,5,0.989060,0.002437,0.986344,0.992837
CICIDS2017::rf::strict_tau,CICIDS2017,stage2_macro_f1_present,5,0.870412,0.006817,0.862304,0.878325
CICIDS2017::rf::strict_tau,CICIDS2017,system_accuracy,5,0.986784,0.001274,0.985119,0.988070
CICIDS2017::rf::strict_tau,CICIDS2017,system_macro_f1_supported_labels,5,0.843802,0.007004,0.836459,0.851903
CICIDS2017::xgb::strict,CICIDS2017,benign_family_fp_rate,5,0.009617,0.000187,0.009452,0.009915
CICIDS2017::xgb::strict,CICIDS2017,stage1_roc_auc,5,0.947302,0.020868,0.926103,0.979792
CICIDS2017::xgb::strict,CICIDS2017,stage2_macro_f1_present,5,0.873309,0.004890,0.868340,0.880462
CICIDS2017::xgb::strict,CICIDS2017,system_accuracy,5,0.960057,0.004237,0.956821,0.967497
CICIDS2017::xgb::strict,CICIDS2017,system_macro_f1_supported_labels,5,0.706029,0.007426,0.699582,0.716432
CICIDS2017::xgb::strict_tau,CICIDS2017,benign_family_fp_rate,5,0.003770,0.000206,0.003542,0.003989
CICIDS2017::xgb::strict_tau,CICIDS2017,stage1_roc_auc,5,0.947302,0.020868,0.926103,0.979792
CICIDS2017::xgb::strict_tau,CICIDS2017,stage2_macro_f1_present,5,0.873309,0.004890,0.868340,0.880462
CICIDS2017::xgb::strict_tau,CICIDS2017,system_accuracy,5,0.959416,0.004191,0.956085,0.966752
CICIDS2017::xgb::strict_tau,CICIDS2017,system_macro_f1_supported_labels,5,0.734745,0.004522,0.729523,0.740982
CICIoT2023::rf::strict,CICIoT2023,benign_family_fp_rate,5,0.015924,0.000358,0.015457,0.016412
CICIoT2023::rf::strict,CICIoT2023,stage1_roc_auc,5,0.997297,0.000016,0.997274,0.997317
CICIoT2023::rf::strict,CICIoT2023,stage2_macro_f1_present,5,0.927943,0.000305,0.927565,0.928240
CICIoT2023::rf::strict,CICIoT2023,system_accuracy,5,0.972136,0.000164,0.971858,0.972277
CICIoT2023::rf::strict,CICIoT2023,system_macro_f1_supported_labels,5,0.897147,0.000585,0.896295,0.897780
CICIoT2023::rf::strict_tau,CICIoT2023,benign_family_fp_rate,5,0.011882,0.003705,0.009128,0.016390
CICIoT2023::rf::strict_tau,CICIoT2023,stage1_roc_auc,5,0.997297,0.000016,0.997274,0.997317
CICIoT2023::rf::strict_tau,CICIoT2023,stage2_macro_f1_present,5,0.927943,0.000305,0.927565,0.928240
CICIoT2023::rf::strict_tau,CICIoT2023,system_accuracy,5,0.969582,0.002313,0.967690,0.972167
CICIoT2023::rf::strict_tau,CICIoT2023,system_macro_f1_supported_labels,5,0.896148,0.001265,0.894618,0.897668
CICIoT2023::xgb::strict,CICIoT2023,benign_family_fp_rate,5,0.016337,0.000340,0.015857,0.016746
CICIoT2023::xgb::strict,CICIoT2023,stage1_roc_auc,5,0.997459,0.000063,0.997388,0.997523
CICIoT2023::xgb::strict,CICIoT2023,stage2_macro_f1_present,5,0.927683,0.000085,0.927576,0.927788
CICIoT2023::xgb::strict,CICIoT2023,system_accuracy,5,0.970465,0.000169,0.970193,0.970612
CICIoT2023::xgb::strict,CICIoT2023,system_macro_f1_supported_labels,5,0.891738,0.000698,0.890699,0.892437
CICIoT2023::xgb::strict_tau,CICIoT2023,benign_family_fp_rate,5,0.008453,0.001980,0.005641,0.011215
CICIoT2023::xgb::strict_tau,CICIoT2023,stage1_roc_auc,5,0.997459,0.000063,0.997388,0.997523
CICIoT2023::xgb::strict_tau,CICIoT2023,stage2_macro_f1_present,5,0.927683,0.000085,0.927576,0.927788
CICIoT2023::xgb::strict_tau,CICIoT2023,system_accuracy,5,0.963926,0.002482,0.960090,0.967043
CICIoT2023::xgb::strict_tau,CICIoT2023,system_macro_f1_supported_labels,5,0.888700,0.002480,0.884777,0.891390
