dataset,holdout_family,split_variant,model_family,stage1_weight_mode,split,method,thr_high,selection_param_json,macro_f1,accuracy,benign_family_fp_rate,benign_reject_rate,overall_reject_rate,unknown_detection_rate,false_unknown_rate_all_known,false_unknown_rate_known_attacks,n_true_unknown,n_known_all,n_known_attacks,coverage,unknown_known_auroc,unknown_known_aupr,control_macro_f1,control_unknown_detection_rate,delta_macro_f1_vs_control,delta_unknown_detection_vs_control
CICIDS2017,Botnet,recovered contiguous-within-day Protocol B variant,xgb,inv_family_clipped,test,control_tau,6.71482745800347e-05,"{""tau"": 0.9}",0.651997568401555,0.9767135769970638,0.0114563725348237,0.0140569343488459,0.0135668725321453,0.3138138138138138,0.0131162981439795,0.0098183553493283,666,443799,98489,0.9864331274678546,0.9654196455451076,0.0357155933223015,0.651997568401555,0.3138138138138138,0.0,0.0
CICIDS2017,Botnet,recovered contiguous-within-day Protocol B variant,xgb,inv_family_clipped,test,margin_reject,6.71482745800347e-05,"{""margin_thr"": 0.36377768666840726}",0.6288106293296674,0.9772715511907576,0.0194491905823752,0.0060641163012944,0.0055909914166469,0.006006006006006,0.0055903686128179,0.0039293728233609,666,443799,98489,0.994409008583353,0.9654121278708084,0.0356408405337608,0.651997568401555,0.3138138138138138,-0.023186939071887624,-0.3078078078078078
CICIDS2017,Botnet,recovered contiguous-within-day Protocol B variant,xgb,inv_family_clipped,test,entropy_reject,6.71482745800347e-05,"{""entropy_thr"": 0.46890934942856055}",0.6508434067245448,0.977737279650816,0.0172366858764588,0.0082766210072109,0.007001676172477,0.1756756756756756,0.0067485505825835,0.001391018286306,666,443799,98489,0.992998323827523,0.966018985531197,0.0378073170806828,0.651997568401555,0.3138138138138138,-0.0011541616770102125,-0.1381381381381382
CICIDS2017,Botnet,recovered contiguous-within-day Protocol B variant,xgb,inv_family_clipped,test,conformal_reject,6.71482745800347e-05,"{""alpha"": 0.1, ""family_thresholds"": {""BruteForce"": 0.04768348421393886, ""DDoS"": 0.9995293370898757, ""DoS"": 0.9616950830712356, ""Scan/Recon"": 0.9994159879312977, ""Web/App"": 0.05528821396962709}}",0.629114459988099,0.9672145163286198,0.0102284903420115,0.0152848165416582,0.0253315784144983,0.9039039039039038,0.0240131230579609,0.0546152362192732,666,443799,98489,0.9746684215855016,0.9115320088463336,0.0570006559016815,0.651997568401555,0.3138138138138138,-0.022883108413455977,0.5900900900900901
CICIDS2017,BruteForce,recovered contiguous-within-day Protocol B variant,rf,class_weight_balanced,test,control_tau,0.0066666666666666,"{""tau"": 0.9}",0.7889314246040672,0.9920893658668286,0.0012858011641713,0.0070748023515102,0.0062232121764368,0.167755991285403,0.0060562244654351,0.002492502229067,459,444006,98696,0.9937767878235632,0.9863790384115892,0.0561405223456492,0.7889314246040672,0.167755991285403,0.0,0.0
CICIDS2017,BruteForce,recovered contiguous-within-day Protocol B variant,rf,class_weight_balanced,test,margin_reject,0.0066666666666666,"{""margin_thr"": 0.46999999999953}",0.7848343463056808,0.9923031059813484,0.0037444614983637,0.0046161420173177,0.0040385632164512,0.1394335511982571,0.0038985959649193,0.0013881008348869,459,444006,98696,0.9959614367835488,0.986430265417619,0.0558026822925268,0.7889314246040672,0.167755991285403,-0.004097078298386347,-0.028322440087145906
CICIDS2017,BruteForce,recovered contiguous-within-day Protocol B variant,rf,class_weight_balanced,test,entropy_reject,0.0066666666666666,"{""entropy_thr"": 0.5422364591770983}",0.7850081476271545,0.99231435546106,0.0039645535895282,0.0043960499261533,0.0038473220613546,0.1372549019607843,0.0037094093323063,0.0013070438518278,459,444006,98696,0.9961526779386454,0.98616138497098,0.0518406314319141,0.7889314246040672,0.167755991285403,-0.0039232769769126374,-0.030501089324618702
CICIDS2017,BruteForce,recovered contiguous-within-day Protocol B variant,rf,class_weight_balanced,test,conformal_reject,0.0066666666666666,"{""alpha"": 0.2, ""family_thresholds"": {""Botnet"": 0.8499999999974499, ""DDoS"": 0.9999999999959996, ""DoS"": 0.9866666666656799, ""Scan/Recon"": 0.9999999999959999, ""Web/App"": 0.9966665923321842}}",0.7824998656745553,0.9886560246588596,0.0004170165937852,0.0079435869218962,0.0107320036448314,0.3616557734204793,0.0103692292446498,0.0188558806841209,459,444006,98696,0.9892679963551686,0.3873704203314217,0.0169918945231224,0.7889314246040672,0.167755991285403,-0.00643155892951186,0.19389978213507628
CICIDS2017,DDoS,recovered contiguous-within-day Protocol B variant,rf,class_weight_balanced,test,control_tau,0.0033333333333333,"{""tau"": 0.8}",0.584295371320792,0.9379636191826128,0.0038776751324896,0.0182908111551938,0.015708773469227,0.0007278777165436,0.0163863876340153,0.0081580560803793,19234,425231,79921,0.984291226530773,0.9821182969340244,0.5103787045511222,0.584295371320792,0.0007278777165436,0.0,0.0
CICIDS2017,DDoS,recovered contiguous-within-day Protocol B variant,rf,class_weight_balanced,test,margin_reject,0.0033333333333333,"{""margin_thr"": 0.24666666666642}",0.5962285016860743,0.9384338474345562,0.0127305899047232,0.0094378963829602,0.0078341376711327,0.0001559737964022,0.0081814355021153,0.0027527183093304,19234,425231,79921,0.9921658623288672,0.9822198231423408,0.5066173081980196,0.584295371320792,0.0007278777165436,0.011933130365282318,-0.0005719039201414
CICIDS2017,DDoS,recovered contiguous-within-day Protocol B variant,rf,class_weight_balanced,test,entropy_reject,0.0033333333333333,"{""entropy_thr"": 0.5899166075002966}",0.629666328355212,0.938640837861249,0.0088181633894182,0.0133503228982653,0.0104687658195808,0.0003639388582718,0.0109258261979959,0.000450444814254,19234,425231,79921,0.9895312341804192,0.9823146854904456,0.5037731012314154,0.584295371320792,0.0007278777165436,0.045370957034419956,-0.0003639388582718
CICIDS2017,DDoS,recovered contiguous-within-day Protocol B variant,rf,class_weight_balanced,test,conformal_reject,0.0033333333333333,"{""alpha"": 0.01, ""family_thresholds"": {""Botnet"": 0.8133333333308933, ""BruteForce"": 0.10950005384995135, ""DoS"": 0.036666666666629995, ""Scan/Recon"": 0.9833333333303832, ""Web/App"": 0.07620109772241355}}",0.5864915657685926,0.9384833451452872,0.017283021053546,0.0048854652341374,0.0040250638407973,0.0003639388582718,0.0041906634276428,0.0011886738153927,19234,425231,79921,0.9959749361592026,0.0192323734350665,0.0229997889890562,0.584295371320792,0.0007278777165436,0.0021961944478006146,-0.0003639388582718
CICIDS2017,DoS,recovered contiguous-within-day Protocol B variant,rf,inv_family_clipped,test,control_tau,0.0032871030910743,"{""tau"": 0.8}",0.7643260806136165,0.9879608068126848,0.0020908748660623,0.0116996322145318,0.0271742431912524,0.9882567849686849,0.0103113317048266,0.0050715370910799,7664,436801,91491,0.9728257568087476,0.9884860072994932,0.7243221394931085,0.7643260806136165,0.9882567849686849,0.0,0.0
CICIDS2017,DoS,recovered contiguous-within-day Protocol B variant,rf,inv_family_clipped,test,margin_reject,0.0032871030910743,"{""margin_thr"": 0.12333333333333335}",0.6991244232521662,0.9762051005141013,0.0106628826272045,0.0031276244533897,0.0073999077542663,0.2755741127348643,0.0026945909006618,0.0010602135729197,7664,436801,91491,0.9926000922457336,0.9877966056536908,0.6206947328024494,0.7643260806136165,0.9882567849686849,-0.06520165736145034,-0.7126826722338205
CICIDS2017,DoS,recovered contiguous-within-day Protocol B variant,rf,inv_family_clipped,test,entropy_reject,0.0032871030910743,"{""entropy_thr"": 0.6035778306479594}",0.7591458836575649,0.9812291181532854,0.0070545307115345,0.0067359763690596,0.0149303094731868,0.5610647181628392,0.0053479731044571,0.0001093003683422,7664,436801,91491,0.9850696905268131,0.989207896580452,0.7296709183352474,0.7643260806136165,0.9882567849686849,-0.0051801969560516525,-0.42719206680584565
CICIDS2017,DoS,recovered contiguous-within-day Protocol B variant,rf,inv_family_clipped,test,conformal_reject,0.0032871030910743,"{""alpha"": 0.2, ""family_thresholds"": {""Botnet"": 0.8499999999974499, ""BruteForce"": 0.5031249461343387, ""DDoS"": 0.9999999999959999, ""Scan/Recon"": 0.9999999999959999, ""Web/App"": 0.27239867960047814}}",0.7837781155731924,0.9874815789769724,0.0049926153311517,0.0087978917494425,0.0237926495899564,0.9528966597077244,0.007490825341517,0.0025576286192084,7664,436801,91491,0.9762073504100436,0.9563764722125986,0.7618522432268742,0.7643260806136165,0.9882567849686849,0.019452034959575926,-0.03536012526096044
CICIDS2017,Scan/Recon,recovered contiguous-within-day Protocol B variant,rf,class_weight_balanced,test,control_tau,0.0033333333333333,"{""tau"": 0.9}",0.7694073145973681,0.9843789724725232,0.0010859807129825,0.0159624685065593,0.1740384507216541,0.9993229423795754,0.0174184222501806,0.0352087756546355,70895,373570,28260,0.8259615492783459,0.9907633673863648,0.9089959615558916,0.7694073145973681,0.9993229423795754,0.0,0.0
CICIDS2017,Scan/Recon,recovered contiguous-within-day Protocol B variant,rf,class_weight_balanced,test,margin_reject,0.0033333333333333,"{""margin_thr"": 0.14999999999984998}",0.4953896122777811,0.838871452195336,0.0142422750571949,0.0028061741623468,0.0149370591610138,0.0784822625008815,0.0028776400674572,0.0037508846426043,70895,373570,28260,0.9850629408389862,0.990761140930611,0.9017868858855498,0.7694073145973681,0.9993229423795754,-0.274017702319587,-0.9208406798786939
CICIDS2017,Scan/Recon,recovered contiguous-within-day Protocol B variant,rf,class_weight_balanced,test,entropy_reject,0.0033333333333333,"{""entropy_thr"": 0.6241576460359157}",0.5501863376503836,0.8523505787857312,0.0099852306623034,0.0070632185572384,0.0314107972506271,0.1623809859651597,0.0065556656048397,0.0003538570417551,70895,373570,28260,0.9685892027493728,0.9901528605016708,0.8896807157910633,0.7694073145973681,0.9993229423795754,-0.2192209769469845,-0.8369419564144157
CICIDS2017,Scan/Recon,recovered contiguous-within-day Protocol B variant,rf,class_weight_balanced,test,conformal_reject,0.0033333333333333,"{""alpha"": 0.2, ""family_thresholds"": {""Botnet"": 0.8399999999983199, ""BruteForce"": 0.48187787949678956, ""DDoS"": 0.9999999999959999, ""DoS"": 0.9833333333323501, ""Web/App"": 0.28388929634090637}}",0.803243611563068,0.9824440619621344,0.0036402073499174,0.0134082418696243,0.1730709954664596,0.9987587276958882,0.016374441202452,0.0526185421089879,70895,373570,28260,0.8269290045335403,0.9906672513941746,0.9111381506765868,0.7694073145973681,0.9993229423795754,0.0338362969656999,-0.0005642146836871698
CICIDS2017,Web/App,recovered contiguous-within-day Protocol B variant,rf,inv_family_clipped,test,control_tau,0.0009169654828087,"{""tau"": 0.9}",0.8166562451469023,0.9796834396409166,0.0017839043178593,0.0226260461614201,0.0184401471431946,0.0421940928270042,0.0184274741799256,0.0037708000566125,237,444228,98918,0.9815598528568054,0.9743585695854132,0.0137484868298505,0.8166562451469023,0.0421940928270042,0.0,0.0
CICIDS2017,Web/App,recovered contiguous-within-day Protocol B variant,rf,inv_family_clipped,test,margin_reject,0.0009169654828087,"{""margin_thr"": 0.3166666666666667}",0.7527867947140875,0.9801986658117062,0.0128927630245286,0.0115171874547508,0.0091885750284049,0.0253164556962025,0.0091799706457044,0.001021047736509,237,444228,98918,0.990811424971595,0.9744842415471524,0.0137891615667768,0.8166562451469023,0.0421940928270042,-0.06386945043281478,-0.016877637130801697
CICIDS2017,Web/App,recovered contiguous-within-day Protocol B variant,rf,inv_family_clipped,test,entropy_reject,0.0009169654828087,"{""entropy_thr"": 0.6386781358577484}",0.746907782145925,0.9801896662279368,0.0128898670759607,0.0115200834033187,0.0089545858504044,0.0,0.0089593632098832,2.0218767059584705e-05,237,444228,98918,0.9910454141495956,0.9741556147337423,0.0137296558681328,0.8166562451469023,0.0421940928270042,-0.06974846300097726,-0.0421940928270042
CICIDS2017,Web/App,recovered contiguous-within-day Protocol B variant,rf,inv_family_clipped,test,conformal_reject,0.0009169654828087,"{""alpha"": 0.15, ""family_thresholds"": {""Botnet"": 0.8266662853321617, ""BruteForce"": 0.9966666666636766, ""DDoS"": 0.9999999999959999, ""DoS"": 0.9833333333323501, ""Scan/Recon"": 0.9999999999960001}}",0.8057556813505,0.9771703058733534,0.000431496336625,0.0239784541426544,0.0221322263845297,0.160337552742616,0.0220584924858406,0.0153561535817545,237,444228,98918,0.9778677736154704,0.1713407024157474,0.0007511340033291,0.8166562451469023,0.0421940928270042,-0.010900563796402252,0.11814345991561179
CICIoT2023,Botnet,day-file Protocol B baseline,rf,class_weight_balanced,test,control_tau,0.92,"{""tau"": 0.5733333333333335}",0.8343751028984278,0.8922511480822471,0.0141357164701484,0.0063202963063644,0.0768402694099163,0.4665318308773957,0.009031061092994,0.0091980366916789,176511,1014388,955530,0.9231597305900836,0.9895006163944112,0.8677075045093645,0.8343751028984278,0.4665318308773957,0.0,0.0
CICIoT2023,Botnet,day-file Protocol B baseline,rf,class_weight_balanced,test,margin_reject,0.92,"{""margin_thr"": 0.28666666666666674}",0.817522990849055,0.8756981070602965,0.0106527574841143,0.0098032552923986,0.0671526300719036,0.3732515254006832,0.0138891627266884,0.0141408433016231,176511,1014388,955530,0.9328473699280964,0.9844033245520928,0.7935136068389541,0.8343751028984278,0.4665318308773957,-0.01685211204937276,-0.09328030547671251
CICIoT2023,Botnet,day-file Protocol B baseline,rf,class_weight_balanced,test,entropy_reject,0.92,"{""entropy_thr"": 0.6137530311290037}",0.8636823080393581,0.9229682785861774,0.0200652417683237,0.0003907710081892,0.0974885359715643,0.650554356385721,0.0012510006033194,0.0013039883624794,176511,1014388,955530,0.9025114640284356,0.9984588504956642,0.9793013502708072,0.8343751028984278,0.4665318308773957,0.029307205140930326,0.18402252550832532
CICIoT2023,Botnet,day-file Protocol B baseline,rf,class_weight_balanced,test,conformal_reject,0.92,"{""alpha"": 0.2, ""family_thresholds"": {""BruteForce"": 0.04999999999995, ""DDoS"": 0.9999904411264658, ""DoS"": 0.9899999999970297, ""Other"": 0.8066666666650534, ""Scan/Recon"": 0.67}}",0.8199928184225431,0.8294338982566951,0.0055047742023174,0.0149512385741955,0.3007190366269516,0.9997507237509276,0.1790823629617069,0.1891923853777484,176511,1014388,955530,0.6992809633730483,0.9990187350950712,0.9876046198686064,0.8343751028984278,0.4665318308773957,-0.014382284475884632,0.5332188928735319
CICIoT2023,BruteForce,day-file Protocol B baseline,rf,class_weight_balanced,test,control_tau,0.9133333333333332,"{""tau"": 0.8733333333324601}",0.7893570818614192,0.9481920801008312,0.0031091780216792,0.0187060382615787,0.0361735126152595,0.671307037896365,0.0347913386456261,0.0356295735553873,2586,1188313,1129455,0.9638264873847404,0.8111210745968453,0.030508657379311,0.7893570818614192,0.671307037896365,0.0,0.0
CICIoT2023,BruteForce,day-file Protocol B baseline,rf,class_weight_balanced,test,margin_reject,0.9133333333333332,"{""margin_thr"": 0.76}",0.789185544045086,0.9485850605299022,0.0031261680655136,0.0186890482177444,0.0358267157836222,0.6805877803557618,0.0344235904176761,0.0352435466663125,2586,1188313,1129455,0.9641732842163776,0.8118056816452663,0.0321018555731354,0.7893570818614192,0.671307037896365,-0.00017153781633316711,0.009280742459396807
CICIoT2023,BruteForce,day-file Protocol B baseline,rf,class_weight_balanced,test,entropy_reject,0.9133333333333332,"{""entropy_thr"": 0.2516179605438481}",0.7888923948913548,0.9470903913765988,0.0032620884161881,0.0185531278670698,0.0371685592145093,0.6531322505800464,0.0358281025285425,0.0367283335768136,2586,1188313,1129455,0.9628314407854908,0.8094991821056069,0.0273488062430899,0.7893570818614192,0.671307037896365,-0.0004646869700644096,-0.018174787316318608
CICIoT2023,BruteForce,day-file Protocol B baseline,rf,class_weight_balanced,test,conformal_reject,0.9133333333333332,"{""alpha"": 0.05, ""family_thresholds"": {""Botnet"": 0.9999999999959996, ""DDoS"": 0.9866666666637064, ""DoS"": 0.9633333333304431, ""Other"": 0.52999999999841, ""Scan/Recon"": 0.38999999999883}}",0.795509452384331,0.9439633419794624,0.0208467837847021,0.0009684324985558,0.0316869860500344,0.0201082753286929,0.0317121835745296,0.0333142976037115,2586,1188313,1129455,0.9683130139499656,0.264064041846467,0.0015001269907611,0.7893570818614192,0.671307037896365,0.006152370522911843,-0.6511987625676722
CICIoT2023,DDoS,day-file Protocol B baseline,rf,class_weight_balanced,test,control_tau,0.9166666666666666,"{""tau"": 0.38333333333295}",0.70186931354262,0.5588971021052163,0.0195555404532943,0.0,0.0821505434130014,0.1647349724520922,5.190838672083e-05,5.75835704785752e-05,593693,597206,538348,0.9178494565869986,0.783518077464875,0.8180888060689034,0.70186931354262,0.1647349724520922,0.0,0.0
CICIoT2023,DDoS,day-file Protocol B baseline,rf,class_weight_balanced,test,margin_reject,0.9166666666666666,"{""margin_thr"": 0.053333333333333344}",0.6958131769559001,0.5487996883027024,0.0178395460260287,0.0017159944272656,0.075310332782209,0.1466363928831904,0.0044038405508317,0.0046977048303327,593693,597206,538348,0.9246896672177908,0.780140919095361,0.8042703730650317,0.70186931354262,0.1647349724520922,-0.006056136586719996,-0.018098579568901818
CICIoT2023,DDoS,day-file Protocol B baseline,rf,class_weight_balanced,test,entropy_reject,0.9166666666666666,"{""entropy_thr"": 0.8015912182470137}",0.701534938762806,0.558969316457567,0.0195555404532943,0.0,0.0822286356777527,0.1648933034413409,5.023392263306129e-05,5.572603594700826e-05,593693,597206,538348,0.9177713643222472,0.7872252683843575,0.8261960270310096,0.70186931354262,0.1647349724520922,-0.0003343747798140173,0.00015833098924869504
CICIoT2023,DDoS,day-file Protocol B baseline,rf,class_weight_balanced,test,conformal_reject,0.9166666666666666,"{""alpha"": 0.2, ""family_thresholds"": {""Botnet"": 0.9999999999959996, ""BruteForce"": 0.049999999999920004, ""DoS"": 0.9999999999959999, ""Other"": 0.80999999999919, ""Scan/Recon"": 0.67999999999932}}",0.8171346204164542,0.8063454583470134,0.0049780828434537,0.0145774576098406,0.3869648055796503,0.7123328050019118,0.0635107483849793,0.0688606626197181,593693,597206,538348,0.6130351944203496,0.8652269485453455,0.8530363632478426,0.70186931354262,0.1647349724520922,0.11526530687383418,0.5475978325498195
CICIoT2023,DoS,day-file Protocol B baseline,rf,class_weight_balanced,test,control_tau,0.9166666666666666,"{""tau"": 0.8066666666642466}",0.7086360295203586,0.8114306922753315,0.0039416901695606,0.0165313126507866,0.0410127139245225,0.0927768506565068,0.0311522524728968,0.0320662951267516,190554,1000345,941487,0.9589872860754776,0.538069467304286,0.2476945206109553,0.7086360295203586,0.0927768506565068,0.0,0.0
CICIoT2023,DoS,day-file Protocol B baseline,rf,class_weight_balanced,test,margin_reject,0.9166666666666666,"{""margin_thr"": 0.6366666666653934}",0.7165132195964327,0.8111200026198695,0.0038227598627204,0.0166502429576268,0.0406617185840276,0.0906357253062124,0.031142255921707,0.0320482385842821,190554,1000345,941487,0.9593382814159724,0.5376502187939992,0.2278403715748725,0.7086360295203586,0.0927768506565068,0.007877190076074014,-0.0021411253502943983
CICIoT2023,DoS,day-file Protocol B baseline,rf,class_weight_balanced,test,entropy_reject,0.9166666666666666,"{""entropy_thr"": 0.3493984703346173}",0.7049886191024468,0.8136962076548893,0.0041455706955723,0.0163274321247748,0.0424141761811874,0.1044638265268637,0.0305944449165038,0.0314863614686129,190554,1000345,941487,0.9575858238188124,0.5385542063767044,0.258261288963637,0.7086360295203586,0.0927768506565068,-0.003647410417911834,0.0116869758703569
CICIoT2023,DoS,day-file Protocol B baseline,rf,class_weight_balanced,test,conformal_reject,0.9166666666666666,"{""alpha"": 0.15, ""family_thresholds"": {""Botnet"": 0.9999999999959996, ""BruteForce"": 0.036666666666629995, ""DDoS"": 0.9999999999959999, ""Other"": 0.7199999999992801, ""Scan/Recon"": 0.5933333333321467}}",0.790634281185512,0.8275437295690062,0.0090387033198545,0.0114342995004927,0.0739189469468023,0.2506953409532206,0.0402451154351748,0.0420462523646104,190554,1000345,941487,0.9260810530531975,0.6575106786107932,0.3141828195997594,0.7086360295203586,0.0927768506565068,0.0819982516651534,0.1579184902967138
CICIoT2023,Other,day-file Protocol B baseline,rf,class_weight_balanced,test,control_tau,0.83,"{""tau"": 0.9}",0.721026764763986,0.9198588629262432,0.0172109144041591,0.0039247001257263,0.0308506430856017,0.2476534369057733,0.0112222088933372,0.0116379347892366,98868,1092031,1033173,0.9691493569143984,0.4595780260722742,0.3408587573324028,0.721026764763986,0.2476534369057733,0.0,0.0
CICIoT2023,Other,day-file Protocol B baseline,rf,class_weight_balanced,test,margin_reject,0.83,"{""margin_thr"": 0.9233333333314868}",0.7105905627616181,0.9131328517363771,0.0101260661252506,0.0110095484046348,0.0525594529846779,0.3346987903062669,0.0270157165868001,0.0279275590825544,98868,1092031,1033173,0.947440547015322,0.4593503891461371,0.342784889118249,0.721026764763986,0.2476534369057733,-0.010436202002367834,0.08704535340049363
CICIoT2023,Other,day-file Protocol B baseline,rf,class_weight_balanced,test,entropy_reject,0.83,"{""entropy_thr"": 0.27318225579821465}",0.7296344559308735,0.9205978004851796,0.0185531278670698,0.0025824866628155,0.0274045070152884,0.2323299753206295,0.008851397075724,0.0092085255809046,98868,1092031,1033173,0.9725954929847116,0.4599280546382662,0.3384576387454946,0.721026764763986,0.2476534369057733,0.008607691166887532,-0.015323461585143805
CICIoT2023,Other,day-file Protocol B baseline,rf,class_weight_balanced,test,conformal_reject,0.83,"{""alpha"": 0.05, ""family_thresholds"": {""Botnet"": 0.9999999999959996, ""BruteForce"": 0.033333333333325, ""DDoS"": 0.9866666666637066, ""DoS"": 0.9633333333304434, ""Scan/Recon"": 0.8966666666648733}}",0.6845932340665212,0.8865881993351241,0.0174657650616738,0.0036698494682116,0.0476068919362599,0.1483796577254521,0.0384833397586698,0.0404666014307381,98868,1092031,1033173,0.95239310806374,0.6269390575672561,0.2158137206854291,0.721026764763986,0.2476534369057733,-0.0364335306974648,-0.09927377918032118
CICIoT2023,Scan/Recon,day-file Protocol B baseline,rf,class_weight_balanced,test,control_tau,0.8766666666666667,"{""tau"": 0.93999999999906}",0.7709959945739941,0.9425324901607944,0.0137619355057936,0.004995072887288,0.0383542181158939,0.4284895960131177,0.014053538137672,0.0145554748016403,69829,1121070,1062212,0.961645781884106,0.5971348015154001,0.4228885844698452,0.7709959945739941,0.4284895960131177,0.0,0.0
CICIoT2023,Scan/Recon,day-file Protocol B baseline,rf,class_weight_balanced,test,margin_reject,0.8766666666666667,"{""margin_thr"": 0.9666666666637664}",0.7266026336984864,0.916840135057633,0.0075945495939379,0.0111624587991437,0.0736997847844359,0.5071388678056394,0.0467018116620728,0.0486710750772915,69829,1121070,1062212,0.926300215215564,0.596702845191656,0.4118174488490432,0.7709959945739941,0.4284895960131177,-0.044393360875507715,0.07864927179252174
CICIoT2023,Scan/Recon,day-file Protocol B baseline,rf,class_weight_balanced,test,entropy_reject,0.8766666666666667,"{""entropy_thr"": 0.1547753372189307}",0.775524697907441,0.9429464631341532,0.0136599952427877,0.0050970131502939,0.0386061286473496,0.4342178750948746,0.0139643376417172,0.0144556830463222,69829,1121070,1062212,0.9613938713526504,0.5860573681848774,0.4363171309556455,0.7709959945739941,0.4284895960131177,0.004528703333446904,0.005728279081756882
CICIoT2023,Scan/Recon,day-file Protocol B baseline,rf,class_weight_balanced,test,conformal_reject,0.8766666666666667,"{""alpha"": 0.05, ""family_thresholds"": {""Botnet"": 0.9999999999959996, ""BruteForce"": 0.026666666666659948, ""DDoS"": 0.9866666666637066, ""DoS"": 0.9666666666637668, ""Other"": 0.9366666666638566}}",0.813129086234114,0.921885063300918,0.0142036766454857,0.0045533317475959,0.0581669814148806,0.4217731887897578,0.0355187454842248,0.0372345633451702,69829,1121070,1062212,0.9418330185851194,0.7671877969864256,0.3903925190296206,0.7709959945739941,0.4284895960131177,0.042133091660119804,-0.0067164072233599215
