lane,comparison_key,dataset,metric,n,mean,sd,min,max,ci95_low,ci95_high
protocol_a_flat,CICIDS2017::direct_multiclass::soft_vote_top3,CICIDS2017,macro_f1,5,0.9344727235914968,0.014728083344597928,0.9159418913637012,0.953166214934167,0.916185392739965,0.9527600544430286
protocol_a_flat,CICIDS2017::direct_multiclass::soft_vote_top3,CICIDS2017,accuracy,5,0.992659292961983,0.001805432259622791,0.9903291515163052,0.994901229162304,0.9904175527240137,0.9949010331999523
protocol_a_flat,CICIDS2017::direct_multiclass::soft_vote_top3,CICIDS2017,weighted_f1,5,0.9926593409546474,0.0018418190183293265,0.990344803176154,0.9949349413405718,0.9903724205883808,0.9949462613209139
protocol_a_flat,CICIDS2017::direct_multiclass::soft_vote_top3,CICIDS2017,binary_attack_f1,5,0.985944750410044,0.003704517662383527,0.9816908781573092,0.9905002592016589,0.9813449841979525,0.9905445166221356
protocol_a_flat,CICIDS2017::direct_multiclass::soft_vote_top3,CICIDS2017,benign_family_fp_rate,5,0.00029990185795936,0.00015365236212254647,0.0001811205041046,0.0005475736170607,0.00010911725167282599,0.0004906864642458941
protocol_a_flat,CICIDS2017::two_stage_overlay::rf_closed_threshold_overlay,CICIDS2017,macro_f1,5,0.8355043325982816,0.0,0.8355043325982816,0.8355043325982816,0.8355043325982816,0.8355043325982816
protocol_a_flat,CICIDS2017::two_stage_overlay::rf_closed_threshold_overlay,CICIDS2017,accuracy,5,0.985525455779982,0.0,0.985525455779982,0.985525455779982,0.985525455779982,0.985525455779982
protocol_a_flat,CICIDS2017::two_stage_overlay::rf_closed_threshold_overlay,CICIDS2017,weighted_f1,5,0.9850501979252687,1.2412670766236366e-16,0.9850501979252688,0.9850501979252688,0.9850501979252686,0.9850501979252688
protocol_a_flat,CICIDS2017::two_stage_overlay::rf_closed_threshold_overlay,CICIDS2017,binary_attack_f1,5,0.9727563891341884,0.0,0.9727563891341884,0.9727563891341884,0.9727563891341884,0.9727563891341884
protocol_a_flat,CICIDS2017::two_stage_overlay::rf_closed_threshold_overlay,CICIDS2017,benign_family_fp_rate,5,0.0007371183306586,0.0,0.0007371183306586,0.0007371183306586,0.0007371183306586,0.0007371183306586
protocol_a_flat,CICIDS2017::two_stage_overlay::rf_closed_threshold_overlay,CICIDS2017,overall_reject_rate,5,0.0,0.0,0.0,0.0,0.0,0.0
protocol_a_flat,CICIDS2017::two_stage_overlay::xgb_closed_threshold_overlay,CICIDS2017,macro_f1,5,0.7489557186388479,0.0,0.7489557186388479,0.7489557186388479,0.7489557186388479,0.7489557186388479
protocol_a_flat,CICIDS2017::two_stage_overlay::xgb_closed_threshold_overlay,CICIDS2017,accuracy,5,0.9557165248402468,0.0,0.9557165248402468,0.9557165248402468,0.9557165248402468,0.9557165248402468
protocol_a_flat,CICIDS2017::two_stage_overlay::xgb_closed_threshold_overlay,CICIDS2017,weighted_f1,5,0.949503758435552,0.0,0.949503758435552,0.949503758435552,0.949503758435552,0.949503758435552
protocol_a_flat,CICIDS2017::two_stage_overlay::xgb_closed_threshold_overlay,CICIDS2017,binary_attack_f1,5,0.9030928415173702,1.2412670766236366e-16,0.9030928415173703,0.9030928415173703,0.9030928415173701,0.9030928415173703
protocol_a_flat,CICIDS2017::two_stage_overlay::xgb_closed_threshold_overlay,CICIDS2017,benign_family_fp_rate,5,0.0008803298920437,0.0,0.0008803298920437,0.0008803298920437,0.0008803298920437,0.0008803298920437
protocol_a_flat,CICIDS2017::two_stage_overlay::xgb_closed_threshold_overlay,CICIDS2017,overall_reject_rate,5,0.0,0.0,0.0,0.0,0.0,0.0
protocol_a_flat,CICIoT2023::direct_multiclass::soft_vote_top3,CICIoT2023,macro_f1,5,0.9198163245667222,0.001017063253489268,0.9188644076412328,0.9213724148689548,0.9185534737409686,0.9210791753924759
protocol_a_flat,CICIoT2023::direct_multiclass::soft_vote_top3,CICIoT2023,accuracy,5,0.9813354437118367,8.476170549347637e-05,0.9812612438573826,0.9814785747920264,0.981230198153699,0.9814406892699743
protocol_a_flat,CICIoT2023::direct_multiclass::soft_vote_top3,CICIoT2023,weighted_f1,5,0.9813090572744911,7.329067020314663e-05,0.9812365223381654,0.981429354791266,0.9812180548878957,0.9814000596610866
protocol_a_flat,CICIoT2023::direct_multiclass::soft_vote_top3,CICIoT2023,binary_attack_f1,5,0.9944705167047598,7.785413873640773e-05,0.9943408514866832,0.9945497927626196,0.9943738480235796,0.99456718538594
protocol_a_flat,CICIoT2023::direct_multiclass::soft_vote_top3,CICIoT2023,benign_family_fp_rate,5,0.07619428342994197,0.003602855366926349,0.0720234525951096,0.0810180558331667,0.07172074763009431,0.08066781922978963
protocol_a_flat,CICIoT2023::two_stage_overlay::rf_closed_threshold_overlay,CICIoT2023,macro_f1,5,0.8191849639459582,0.0,0.8191849639459582,0.8191849639459582,0.8191849639459582,0.8191849639459582
protocol_a_flat,CICIoT2023::two_stage_overlay::rf_closed_threshold_overlay,CICIoT2023,accuracy,5,0.9454894501198063,1.2412670766236366e-16,0.9454894501198065,0.9454894501198065,0.9454894501198062,0.9454894501198065
protocol_a_flat,CICIoT2023::two_stage_overlay::rf_closed_threshold_overlay,CICIoT2023,weighted_f1,5,0.9483547200336615,1.2412670766236366e-16,0.9483547200336614,0.9483547200336614,0.9483547200336614,0.9483547200336616
protocol_a_flat,CICIoT2023::two_stage_overlay::rf_closed_threshold_overlay,CICIoT2023,binary_attack_f1,5,0.9711903798854744,0.0,0.9711903798854744,0.9711903798854744,0.9711903798854744,0.9711903798854744
protocol_a_flat,CICIoT2023::two_stage_overlay::rf_closed_threshold_overlay,CICIoT2023,benign_family_fp_rate,5,0.0010216092566682,0.0,0.0010216092566682,0.0010216092566682,0.0010216092566682,0.0010216092566682
protocol_a_flat,CICIoT2023::two_stage_overlay::rf_closed_threshold_overlay,CICIoT2023,overall_reject_rate,5,0.0,0.0,0.0,0.0,0.0,0.0
protocol_a_flat,CICIoT2023::two_stage_overlay::xgb_closed_threshold_overlay,CICIoT2023,macro_f1,5,0.7546668691830875,0.0,0.7546668691830875,0.7546668691830875,0.7546668691830875,0.7546668691830875
protocol_a_flat,CICIoT2023::two_stage_overlay::xgb_closed_threshold_overlay,CICIoT2023,accuracy,5,0.9396248077773739,1.2412670766236366e-16,0.939624807777374,0.939624807777374,0.9396248077773738,0.939624807777374
protocol_a_flat,CICIoT2023::two_stage_overlay::xgb_closed_threshold_overlay,CICIoT2023,weighted_f1,5,0.94232411592103,1.2412670766236366e-16,0.9423241159210302,0.9423241159210302,0.9423241159210299,0.9423241159210302
protocol_a_flat,CICIoT2023::two_stage_overlay::xgb_closed_threshold_overlay,CICIoT2023,binary_attack_f1,5,0.9677965697667489,1.2412670766236366e-16,0.9677965697667488,0.9677965697667488,0.9677965697667488,0.967796569766749
protocol_a_flat,CICIoT2023::two_stage_overlay::xgb_closed_threshold_overlay,CICIoT2023,benign_family_fp_rate,5,6.66266906522753e-05,0.0,6.66266906522753e-05,6.66266906522753e-05,6.66266906522753e-05,6.66266906522753e-05
protocol_a_flat,CICIoT2023::two_stage_overlay::xgb_closed_threshold_overlay,CICIoT2023,overall_reject_rate,5,0.0,0.0,0.0,0.0,0.0,0.0
protocol_a_two_stage,CICIDS2017::rf::strict,CICIDS2017,system_macro_f1_declared_output_labels_historical,5,0.7175194539277167,0.003312256069510993,0.7149961589980776,0.7233218063469715,0.713406744813373,0.7216321630420603
protocol_a_two_stage,CICIDS2017::rf::strict,CICIDS2017,system_macro_f1_supported_labels,5,0.8200222330602476,0.0037854355080125584,0.8171384674263743,0.8266534929679674,0.8153219940724262,0.8247224720480689
protocol_a_two_stage,CICIDS2017::rf::strict,CICIDS2017,system_accuracy,5,0.9879514173123418,0.0014368435103679765,0.9862583842575848,0.9894978646715782,0.9861673404544652,0.9897354941702184
protocol_a_two_stage,CICIDS2017::rf::strict,CICIDS2017,stage2_macro_f1_fixedK,5,0.8704124769725485,0.006816575183399236,0.8623044532691629,0.8783246424251104,0.8619485809762725,0.8788763729688246
protocol_a_two_stage,CICIDS2017::rf::strict,CICIDS2017,stage2_macro_f1_present,5,0.8704124769725485,0.006816575183399236,0.8623044532691629,0.8783246424251104,0.8619485809762725,0.8788763729688246
protocol_a_two_stage,CICIDS2017::rf::strict,CICIDS2017,stage1_roc_auc,5,0.9890604698962923,0.0024372924274243023,0.986343769415337,0.9928369073318896,0.9860341716360649,0.9920867681565196
protocol_a_two_stage,CICIDS2017::rf::strict,CICIDS2017,benign_family_fp_rate,5,0.00687078526268786,0.0007523142171506534,0.0058885224357759,0.0076702427435965,0.005936663783915043,0.007804906741460677
protocol_a_two_stage,CICIDS2017::rf::strict,CICIDS2017,overall_reject_rate,5,0.0,0.0,0.0,0.0,0.0,0.0
protocol_a_two_stage,CICIDS2017::rf::strict_tau,CICIDS2017,system_macro_f1_declared_output_labels_historical,5,0.7383263778261888,0.006128321853183754,0.7319018687648492,0.7454153224333651,0.7307170612116851,0.7459356944406925
protocol_a_two_stage,CICIDS2017::rf::strict_tau,CICIDS2017,system_macro_f1_supported_labels,5,0.8438015746585015,0.007003796403638554,0.8364592785883991,0.8519032256381314,0.8351052128133545,0.8524979365036485
protocol_a_two_stage,CICIDS2017::rf::strict_tau,CICIDS2017,system_accuracy,5,0.9867838083090611,0.0012743204325039502,0.9851193309092756,0.9880700819230012,0.9852015305058455,0.9883660861122767
protocol_a_two_stage,CICIDS2017::rf::strict_tau,CICIDS2017,stage2_macro_f1_fixedK,5,0.8704124769725485,0.006816575183399236,0.8623044532691629,0.8783246424251104,0.8619485809762725,0.8788763729688246
protocol_a_two_stage,CICIDS2017::rf::strict_tau,CICIDS2017,stage2_macro_f1_present,5,0.8704124769725485,0.006816575183399236,0.8623044532691629,0.8783246424251104,0.8619485809762725,0.8788763729688246
protocol_a_two_stage,CICIDS2017::rf::strict_tau,CICIDS2017,stage1_roc_auc,5,0.9890604698962923,0.0024372924274243023,0.986343769415337,0.9928369073318896,0.9860341716360649,0.9920867681565196
protocol_a_two_stage,CICIDS2017::rf::strict_tau,CICIDS2017,benign_family_fp_rate,5,0.0027521892414419996,0.0012344291425963108,0.0014068429853713,0.0046291031165363,0.0012194430167466169,0.004284935466137382
protocol_a_two_stage,CICIDS2017::rf::strict_tau,CICIDS2017,overall_reject_rate,5,0.00481575256842246,0.0010953330834399554,0.0036297410319379,0.0060601445550711,0.0034557169126735445,0.006175788224171375
protocol_a_two_stage,CICIDS2017::xgb::strict,CICIDS2017,system_macro_f1_declared_output_labels_historical,5,0.6177757102227651,0.006497752684267941,0.6121341458268201,0.6268781048036602,0.6097076846454778,0.6258437358000525
protocol_a_two_stage,CICIDS2017::xgb::strict,CICIDS2017,system_macro_f1_supported_labels,5,0.7060293831117315,0.007426003067734771,0.6995818809449373,0.7164321197756116,0.6968087824519745,0.7152499837714884
protocol_a_two_stage,CICIDS2017::xgb::strict,CICIDS2017,system_accuracy,5,0.960056984395921,0.004237017903707477,0.9568206768324798,0.9674973189412832,0.9547960318051426,0.9653179369866994
protocol_a_two_stage,CICIDS2017::xgb::strict,CICIDS2017,stage2_macro_f1_fixedK,5,0.8733091091152332,0.0048904178961540565,0.868340067611343,0.8804616275413114,0.8672368532774073,0.8793813649530591
protocol_a_two_stage,CICIDS2017::xgb::strict,CICIDS2017,stage2_macro_f1_present,5,0.8733091091152332,0.0048904178961540565,0.868340067611343,0.8804616275413114,0.8672368532774073,0.8793813649530591
protocol_a_two_stage,CICIDS2017::xgb::strict,CICIDS2017,stage1_roc_auc,5,0.9473023618808002,0.02086847769313338,0.9261027982507788,0.9797924377425292,0.921390724431918,0.9732139993296823
protocol_a_two_stage,CICIDS2017::xgb::strict,CICIDS2017,benign_family_fp_rate,5,0.00961707755748464,0.00018736528998393882,0.0094519630514171,0.0099152945735454,0.009384432822398574,0.009849722292570706
protocol_a_two_stage,CICIDS2017::xgb::strict,CICIDS2017,overall_reject_rate,5,0.0,0.0,0.0,0.0,0.0,0.0
protocol_a_two_stage,CICIDS2017::xgb::strict_tau,CICIDS2017,system_macro_f1_declared_output_labels_historical,5,0.642901735710713,0.003956770414164429,0.6383329332933825,0.6483593788824649,0.6379887563382872,0.6478147150831387
protocol_a_two_stage,CICIDS2017::xgb::strict_tau,CICIDS2017,system_macro_f1_supported_labels,5,0.7347448408122434,0.004522023330473639,0.7295233523352944,0.7409821472942457,0.7291300072437569,0.74035967438073
protocol_a_two_stage,CICIDS2017::xgb::strict_tau,CICIDS2017,system_accuracy,5,0.9594160685843376,0.004191060558282604,0.9560845755043246,0.9667516990614708,0.9542121795748263,0.9646199575938489
protocol_a_two_stage,CICIDS2017::xgb::strict_tau,CICIDS2017,stage2_macro_f1_fixedK,5,0.8733091091152332,0.0048904178961540565,0.868340067611343,0.8804616275413114,0.8672368532774073,0.8793813649530591
protocol_a_two_stage,CICIDS2017::xgb::strict_tau,CICIDS2017,stage2_macro_f1_present,5,0.8733091091152332,0.0048904178961540565,0.868340067611343,0.8804616275413114,0.8672368532774073,0.8793813649530591
protocol_a_two_stage,CICIDS2017::xgb::strict_tau,CICIDS2017,stage1_roc_auc,5,0.9473023618808002,0.02086847769313338,0.9261027982507788,0.9797924377425292,0.921390724431918,0.9732139993296823
protocol_a_two_stage,CICIDS2017::xgb::strict_tau,CICIDS2017,benign_family_fp_rate,5,0.0037698337482256197,0.00020572585367149338,0.0035423800919081,0.0039888631950499,0.00351439136222199,0.004025276134229249
protocol_a_two_stage,CICIDS2017::xgb::strict_tau,CICIDS2017,overall_reject_rate,5,0.00575047434115754,0.0005341972355420387,0.0048354242418473,0.0062409970365575,0.005087180865845013,0.006413767816470067
protocol_a_two_stage,CICIoT2023::rf::strict,CICIoT2023,system_macro_f1_declared_output_labels_historical,5,0.7850040532488004,0.0005116688034295351,0.7842576901195278,0.7855571269226259,0.7843687325165779,0.7856393739810229
protocol_a_two_stage,CICIoT2023::rf::strict,CICIoT2023,system_macro_f1_supported_labels,5,0.8971474894272005,0.0005847643467765921,0.8962945029937461,0.8977795736258581,0.8964214085903748,0.8978735702640261
protocol_a_two_stage,CICIoT2023::rf::strict,CICIoT2023,system_accuracy,5,0.9721361984429006,0.00016423545436871457,0.9718578392255994,0.9722771342611242,0.9719322731919823,0.9723401236938188
protocol_a_two_stage,CICIoT2023::rf::strict,CICIoT2023,stage2_macro_f1_fixedK,5,0.9279430618407819,0.00030474061624054493,0.9275646424116056,0.9282395954910786,0.9275646763888056,0.9283214472927582
protocol_a_two_stage,CICIoT2023::rf::strict,CICIoT2023,stage2_macro_f1_present,5,0.9279430618407819,0.00030474061624054493,0.9275646424116056,0.9282395954910786,0.9275646763888056,0.9283214472927582
protocol_a_two_stage,CICIoT2023::rf::strict,CICIoT2023,stage1_roc_auc,5,0.9972971903689872,1.6344794761860047e-05,0.9972741753107852,0.997316738255735,0.9972768956257734,0.9973174851122011
protocol_a_two_stage,CICIoT2023::rf::strict,CICIoT2023,benign_family_fp_rate,5,0.01592377906589374,0.00035810770196988395,0.0154573922313278,0.0164123747973438,0.015479129624878253,0.01636842850690923
protocol_a_two_stage,CICIoT2023::rf::strict,CICIoT2023,overall_reject_rate,5,0.0,0.0,0.0,0.0,0.0,0.0
protocol_a_two_stage,CICIoT2023::rf::strict_tau,CICIoT2023,system_macro_f1_declared_output_labels_historical,5,0.7841295822515011,0.0011068331653124076,0.7827911180283897,0.7854592684103034,0.7827552673581147,0.7855038971448874
protocol_a_two_stage,CICIoT2023::rf::strict_tau,CICIoT2023,system_macro_f1_supported_labels,5,0.8961480940017157,0.0012649521889284475,0.894618420603874,0.897667735326061,0.8945774484092742,0.8977187395941572
protocol_a_two_stage,CICIoT2023::rf::strict_tau,CICIoT2023,system_accuracy,5,0.969582011145345,0.0023126593296076367,0.9676901343829613,0.9721673711628191,0.9667104653156612,0.9724535569750289
protocol_a_two_stage,CICIoT2023::rf::strict_tau,CICIoT2023,stage2_macro_f1_fixedK,5,0.9279430618407819,0.00030474061624054493,0.9275646424116056,0.9282395954910786,0.9275646763888056,0.9283214472927582
protocol_a_two_stage,CICIoT2023::rf::strict_tau,CICIoT2023,stage2_macro_f1_present,5,0.9279430618407819,0.00030474061624054493,0.9275646424116056,0.9282395954910786,0.9275646763888056,0.9283214472927582
protocol_a_two_stage,CICIoT2023::rf::strict_tau,CICIoT2023,stage1_roc_auc,5,0.9972971903689872,1.6344794761860047e-05,0.9972741753107852,0.997316738255735,0.9972768956257734,0.9973174851122011
protocol_a_two_stage,CICIoT2023::rf::strict_tau,CICIoT2023,benign_family_fp_rate,5,0.01188175983298906,0.0037050271376325343,0.0091278566193617,0.0163901659004597,0.007281361023822791,0.01648215864215533
protocol_a_two_stage,CICIoT2023::rf::strict_tau,CICIoT2023,overall_reject_rate,5,0.004854382785633734,0.004173079436527129,4.390523932197139e-05,0.0079457506862937,-0.0003271797123464617,0.01003594528361393
protocol_a_two_stage,CICIoT2023::xgb::strict,CICIoT2023,system_macro_f1_declared_output_labels_historical,5,0.7802703895473602,0.0006104481364187706,0.7793619371924639,0.7808823492557774,0.7795124180735984,0.7810283610211219
protocol_a_two_stage,CICIoT2023::xgb::strict,CICIoT2023,system_macro_f1_supported_labels,5,0.891737588054126,0.0006976550130500281,0.8906993567913873,0.8924369705780313,0.8908713349412554,0.8926038411669965
protocol_a_two_stage,CICIoT2023::xgb::strict,CICIoT2023,system_accuracy,5,0.9704651650343065,0.0001694203289252806,0.9701927330243136,0.9706120280598384,0.9702548019113161,0.9706755281572969
protocol_a_two_stage,CICIoT2023::xgb::strict,CICIoT2023,stage2_macro_f1_fixedK,5,0.9276830965738798,8.465355148935482e-05,0.927576346854243,0.9277884335249396,0.9275779853066753,0.9277882078410843
protocol_a_two_stage,CICIoT2023::xgb::strict,CICIoT2023,stage2_macro_f1_present,5,0.9276830965738798,8.465355148935482e-05,0.927576346854243,0.9277884335249396,0.9275779853066753,0.9277882078410843
protocol_a_two_stage,CICIoT2023::xgb::strict,CICIoT2023,stage1_roc_auc,5,0.9974585657936034,6.272564592164102e-05,0.997387583202236,0.9975228497493434,0.9973806816172984,0.9975364499699083
protocol_a_two_stage,CICIoT2023::xgb::strict,CICIoT2023,benign_family_fp_rate,5,0.01633686454793784,0.0003403110366558152,0.0158571523752415,0.0167455082506051,0.015914312585530912,0.01675941651034477
protocol_a_two_stage,CICIoT2023::xgb::strict,CICIoT2023,overall_reject_rate,5,0.0,0.0,0.0,0.0,0.0,0.0
protocol_a_two_stage,CICIoT2023::xgb::strict_tau,CICIoT2023,system_macro_f1_declared_output_labels_historical,5,0.7776124728349993,0.0021700664321627097,0.7741797870681921,0.7799666195733905,0.7749179794724724,0.7803069661975263
protocol_a_two_stage,CICIoT2023::xgb::strict_tau,CICIoT2023,system_macro_f1_supported_labels,5,0.8886999689542848,0.0024800759224716637,0.8847768995065053,0.8913904223695891,0.8856205479685397,0.8917793899400299
protocol_a_two_stage,CICIoT2023::xgb::strict_tau,CICIoT2023,system_accuracy,5,0.9639261382158886,0.0024824122145610263,0.960090137456328,0.9670425321029622,0.9608438163403669,0.9670084600914103
protocol_a_two_stage,CICIoT2023::xgb::strict_tau,CICIoT2023,stage2_macro_f1_fixedK,5,0.9276830965738798,8.465355148935482e-05,0.927576346854243,0.9277884335249396,0.9275779853066753,0.9277882078410843
protocol_a_two_stage,CICIoT2023::xgb::strict_tau,CICIoT2023,stage2_macro_f1_present,5,0.9276830965738798,8.465355148935482e-05,0.927576346854243,0.9277884335249396,0.9275779853066753,0.9277882078410843
protocol_a_two_stage,CICIoT2023::xgb::strict_tau,CICIoT2023,stage1_roc_auc,5,0.9974585657936034,6.272564592164102e-05,0.997387583202236,0.9975228497493434,0.9973806816172984,0.9975364499699083
protocol_a_two_stage,CICIoT2023::xgb::strict_tau,CICIoT2023,benign_family_fp_rate,5,0.008452706154085301,0.001979870530275433,0.0056410598085593,0.0112154929264663,0.005994372195537695,0.010911040112632907
protocol_a_two_stage,CICIoT2023::xgb::strict_tau,CICIoT2023,overall_reject_rate,5,0.011149955052011181,0.0033207439402313695,0.0068755604778207,0.0162098143576718,0.00702670685417257,0.015273203249849793
protocol_b_loao,CICIDS2017::Botnet,CICIDS2017,macro_f1,5,0.7003935600484572,0.016728321343134126,0.677672174343127,0.7191560220444938,0.6796226056863038,0.7211645144106106
protocol_b_loao,CICIDS2017::Botnet,CICIDS2017,accuracy,5,0.9865141237217777,0.005289648907723701,0.9806351456245148,0.9904941896437288,0.9799461571099193,0.9930820903336361
protocol_b_loao,CICIDS2017::Botnet,CICIDS2017,benign_family_fp_rate,5,0.00422345139150324,0.001615450860145075,0.002919116156497,0.0062523529582114,0.0022176042175937926,0.0062292985654126875
protocol_b_loao,CICIDS2017::Botnet,CICIDS2017,overall_reject_rate,5,0.00922727323861268,0.003996607012589419,0.0060544699807633,0.0136771174333187,0.00426483019611169,0.014189716281113669
protocol_b_loao,CICIDS2017::Botnet,CICIDS2017,unknown_detection_rate,5,0.24324324324324326,0.10727069729424475,0.1006006006006006,0.3978978978978979,0.11004908035076535,0.3764374061357212
protocol_b_loao,CICIDS2017::Botnet,CICIDS2017,false_unknown_rate_all_known,5,0.00887609030214122,0.004023961241709912,0.0058765341967872,0.0133821842771164,0.003879682498142698,0.013872498106139742
protocol_b_loao,CICIDS2017::Botnet,CICIDS2017,false_unknown_rate_known_attacks,5,0.00477007584603352,0.0003084199997007831,0.0043050492948451,0.0051477830011473,0.004387121836079041,0.005153029855987998
protocol_b_loao,CICIDS2017::Botnet,CICIDS2017,stage1_auc_val,5,0.9999813098052275,3.9385332046208305e-06,0.9999765260490778,0.9999855221028404,0.9999764194703415,0.9999862001401134
protocol_b_loao,CICIDS2017::Botnet,CICIDS2017,stage2_macro_f1_val,5,0.8369022282362779,0.004380849937546186,0.832278502094199,0.8428509631473281,0.8314626845872936,0.8423417718852623
protocol_b_loao,CICIDS2017::BruteForce,CICIDS2017,macro_f1,5,0.7792005124838735,0.00841266560143218,0.7692482672170919,0.7861433070950608,0.7687548084776479,0.789646216490099
protocol_b_loao,CICIDS2017::BruteForce,CICIDS2017,accuracy,5,0.9883963866671166,0.004861413060729262,0.982572306030846,0.9923053558772906,0.9823601450892115,0.9944326282450217
protocol_b_loao,CICIDS2017::BruteForce,CICIDS2017,benign_family_fp_rate,5,0.00557354261388314,0.002634821953621622,0.0035012018186557,0.0090324635834467,0.002301979052394258,0.008845106175372023
protocol_b_loao,CICIDS2017::BruteForce,CICIDS2017,overall_reject_rate,5,0.006308708222244661,0.0027721612407743596,0.0042230546837208,0.0093933155591553,0.002866615412359255,0.009750801032130066
protocol_b_loao,CICIDS2017::BruteForce,CICIDS2017,unknown_detection_rate,5,0.14640522875816991,0.0067853644890620655,0.1394335511982571,0.1568627450980392,0.13798008595741126,0.15483037155892856
protocol_b_loao,CICIDS2017::BruteForce,CICIDS2017,false_unknown_rate_all_known,5,0.006163880668279219,0.0027763694762739334,0.0040832781538988,0.0092498750016891,0.00271656264387803,0.00961119869268041
protocol_b_loao,CICIDS2017::BruteForce,CICIDS2017,false_unknown_rate_known_attacks,5,0.00037083569749531625,0.0005600049156964582,7.092486017670423e-05,0.0013678365891221,-0.00032450224514211126,0.0010661736401327438
protocol_b_loao,CICIDS2017::BruteForce,CICIDS2017,stage1_auc_val,5,0.9999785327497724,5.835753212697375e-06,0.99997187712125,0.9999859786463974,0.9999712867051058,0.9999857787944391
protocol_b_loao,CICIDS2017::BruteForce,CICIDS2017,stage2_macro_f1_val,5,0.991440276927664,0.0002393679199488388,0.9912321112982422,0.9917303032279058,0.9911430623991386,0.9917374914561894
protocol_b_loao,CICIDS2017::DDoS,CICIDS2017,macro_f1,5,0.6149507149978434,0.011545497772241071,0.5990598413167454,0.6284503443697078,0.6006150860727099,0.6292863439229769
protocol_b_loao,CICIDS2017::DDoS,CICIDS2017,accuracy,5,0.9435267118895752,0.0055101076104385185,0.9372796508161496,0.9476966690290574,0.936685009643465,0.9503684141356853
protocol_b_loao,CICIDS2017::DDoS,CICIDS2017,benign_family_fp_rate,5,0.0046173003967449,0.00181834163837008,0.003171063681909,0.0068431264660739,0.00235953104794592,0.006875069745543881
protocol_b_loao,CICIDS2017::DDoS,CICIDS2017,overall_reject_rate,5,0.00942616403991312,0.004054228397002355,0.0062187123845522,0.0139898529693001,0.00439217459885993,0.014460153480966312
protocol_b_loao,CICIDS2017::DDoS,CICIDS2017,unknown_detection_rate,5,0.00063429343870228,0.00012945720700830175,0.0004159301237392,0.0007278777165436,0.0004735510854520594,0.0007950357919525006
protocol_b_loao,CICIDS2017::DDoS,CICIDS2017,false_unknown_rate_all_known,5,0.00982383692628238,0.004236069851551879,0.0064694248537853,0.0145944204444172,0.004564061497734038,0.01508361235483072
protocol_b_loao,CICIDS2017::DDoS,CICIDS2017,false_unknown_rate_known_attacks,5,0.0057331614969782,0.0005623186963172094,0.0050675041603583,0.0064438633150235,0.005034950616244245,0.006431372377712156
protocol_b_loao,CICIDS2017::DDoS,CICIDS2017,stage1_auc_val,5,0.999900684424739,3.131119051465609e-06,0.9998974529312792,0.9999041501198253,0.9998967966269388,0.9999045722225393
protocol_b_loao,CICIDS2017::DDoS,CICIDS2017,stage2_macro_f1_val,5,0.832135833697653,0.006652508898214156,0.8249162678016049,0.842098530911603,0.8238756529010103,0.8403960144942957
protocol_b_loao,CICIDS2017::DoS,CICIDS2017,macro_f1,5,0.780242970703332,0.005011243876529432,0.7725460598291443,0.7850372378912691,0.7740206895956263,0.7864652518110378
protocol_b_loao,CICIDS2017::DoS,CICIDS2017,accuracy,5,0.9874973282485685,0.00037436267317226553,0.9869956014534328,0.9880395531706658,0.9870324955950192,0.9879621609021179
protocol_b_loao,CICIDS2017::DoS,CICIDS2017,benign_family_fp_rate,5,0.00466826909154088,0.0006233760526864984,0.0036228316585097,0.0052677304451072,0.0038942454895776807,0.005442292693504079
protocol_b_loao,CICIDS2017::DoS,CICIDS2017,overall_reject_rate,5,0.02526903130730198,0.00018866554710692083,0.0250300923582284,0.0255205696736525,0.0250347720897579,0.02550329052484606
protocol_b_loao,CICIDS2017::DoS,CICIDS2017,unknown_detection_rate,5,0.9813935281837161,0.017514404872327874,0.95276617954071,0.99830375782881,0.9596465222037819,1.0031405341636501
protocol_b_loao,CICIDS2017::DoS,CICIDS2017,false_unknown_rate_all_known,5,0.008493112424193119,0.0002784360224268208,0.0081959519323444,0.0087934780369092,0.008147388439342679,0.008838836409043559
protocol_b_loao,CICIDS2017::DoS,CICIDS2017,false_unknown_rate_known_attacks,5,0.0032833830650009,0.0002005892557205321,0.0030385502399143,0.0035413319342886,0.0030343186077462264,0.0035324475222555736
protocol_b_loao,CICIDS2017::DoS,CICIDS2017,stage1_auc_val,5,0.9997401294520524,0.00021569381387599382,0.9994038430442354,0.9999253584126794,0.9994723102087273,1.0000079486953775
protocol_b_loao,CICIDS2017::DoS,CICIDS2017,stage2_macro_f1_val,5,0.8569200286782515,0.003918584963995655,0.8523264724260319,0.86296536954796,0.8520544628045554,0.8617855945519475
protocol_b_loao,CICIDS2017::Scan/Recon,CICIDS2017,macro_f1,5,0.597204214331631,0.036442082002007846,0.5327461603819643,0.6206401137621729,0.5519553930901484,0.6424530355731135
protocol_b_loao,CICIDS2017::Scan/Recon,CICIDS2017,accuracy,5,0.8923829772873006,0.02463791977905926,0.8483750126556647,0.9046201613175392,0.8617909593070102,0.9229749952675911
protocol_b_loao,CICIDS2017::Scan/Recon,CICIDS2017,benign_family_fp_rate,5,0.007518461672120641,0.0036093996274584646,0.0054733427934319,0.0139497842518316,0.0030368000995753793,0.012000123244665904
protocol_b_loao,CICIDS2017::Scan/Recon,CICIDS2017,overall_reject_rate,5,0.0747716918092538,0.02823806042403781,0.0243753726390154,0.0888416410741003,0.03970950880162347,0.10983387481688414
protocol_b_loao,CICIDS2017::Scan/Recon,CICIDS2017,unknown_detection_rate,5,0.41705056774102545,0.15666425264522535,0.137442696946188,0.4938571126313562,0.22252620542594995,0.611574930056101
protocol_b_loao,CICIDS2017::Scan/Recon,CICIDS2017,false_unknown_rate_all_known,5,0.009815027973338279,0.003877268386863474,0.0029177931846775,0.0121583638943169,0.00500076340599631,0.014629292540680247
protocol_b_loao,CICIDS2017::Scan/Recon,CICIDS2017,false_unknown_rate_known_attacks,5,0.009681528662420318,0.005438392485058946,0.0002476999292285,0.013517338995046,0.0029288725056207093,0.016434184819219926
protocol_b_loao,CICIDS2017::Scan/Recon,CICIDS2017,stage1_auc_val,5,0.9989382312463961,0.0006538080848245964,0.9978214714874744,0.9994115269959756,0.9981264212857349,0.9997500412070573
protocol_b_loao,CICIDS2017::Scan/Recon,CICIDS2017,stage2_macro_f1_val,5,0.8344327370657189,0.006072480586546324,0.8297709273476723,0.8435778370341712,0.826892756541613,0.8419727175898247
protocol_b_loao,CICIDS2017::Web/App,CICIDS2017,macro_f1,5,0.8022234902034213,0.0072366784228020285,0.793526624708781,0.8114305808444311,0.79323796713925,0.8112090132675926
protocol_b_loao,CICIDS2017::Web/App,CICIDS2017,accuracy,5,0.987762365990573,0.004743249547211167,0.9825250582160576,0.9912906528073075,0.9818728437933045,0.9936518881878414
protocol_b_loao,CICIDS2017::Web/App,CICIDS2017,benign_family_fp_rate,5,0.0046173003967448795,0.0017570958822746045,0.0032376704989719,0.007083490197214,0.0024355776983324196,0.00679902309515734
protocol_b_loao,CICIDS2017::Web/App,CICIDS2017,overall_reject_rate,5,0.008096925517194759,0.003476719872652196,0.0054514978682235,0.0123946767462004,0.0037800076194829434,0.012413843414906575
protocol_b_loao,CICIDS2017::Web/App,CICIDS2017,unknown_detection_rate,5,0.0244725738396624,0.004622131286963445,0.0168776371308016,0.0295358649789029,0.01873343982566865,0.03021170785365615
protocol_b_loao,CICIDS2017::Web/App,CICIDS2017,false_unknown_rate_all_known,5,0.00808818894801762,0.0034770909329494277,0.0054408997181627,0.0123855317539641,0.00377081031809357,0.012405567577941671
protocol_b_loao,CICIDS2017::Web/App,CICIDS2017,false_unknown_rate_known_attacks,5,0.00125558543440016,0.00035291740620718064,0.0006267817788471,0.0014658606118198,0.0008173805967732492,0.0016937902720270707
protocol_b_loao,CICIDS2017::Web/App,CICIDS2017,stage1_auc_val,5,0.999980124897532,5.898630414736244e-06,0.9999721497482914,0.9999872464661396,0.9999728007805073,0.9999874490145566
protocol_b_loao,CICIDS2017::Web/App,CICIDS2017,stage2_macro_f1_val,5,0.9729019858356243,0.000490911830552775,0.972107918060122,0.973368768194003,0.9722924382893345,0.973511533381914
