dataset,holdout_family,split_variant,model_family,stage1_weight_mode,method,sink_family,global_tau,sink_tau,margin_floor,macro_f1,accuracy,unknown_detection_rate,false_unknown_rate_all_known,false_unknown_rate_known_attacks,benign_family_fp_rate,overall_reject_rate,benign_reject_rate,n_true_unknown,n_known_all,n_known_attacks,delta_macro_f1_mean,delta_macro_f1_ci_low,delta_macro_f1_ci_high,delta_unknown_detection_mean,delta_unknown_detection_ci_low,delta_unknown_detection_ci_high
CICIDS2017,Scan/Recon,recovered contiguous-within-day Protocol B variant,rf,class_weight_balanced,control_tau,Botnet,0.9,,,0.7694073145973681,0.9843789724725232,0.9993229423795754,0.0174184222501806,0.0352087756546355,0.0010859807129825,0.1740384507216541,,,,,,,,,,
CICIDS2017,Scan/Recon,recovered contiguous-within-day Protocol B variant,rf,class_weight_balanced,sink_aware_reject,Botnet,0.9,0.9,0.0,0.7694073145973681,0.9843789724725232,0.9993229423795754,0.017418422250180688,0.035208775654635524,0.0010859807129825374,0.17403845072165414,0.015962468506559323,70895.0,373570.0,28260.0,,,,,,
CICIDS2017,Scan/Recon,recovered contiguous-within-day Protocol B variant,rf,class_weight_balanced,sink_aware_delta_vs_control,Botnet,,,,,,,,,,,,,,,0.0,0.0,0.0,0.0,0.0,0.0
CICIDS2017,DoS,recovered contiguous-within-day Protocol B variant,rf,inv_family_clipped,control_tau,Benign,0.8,,,0.7643260806136165,0.9879608068126848,0.9882567849686849,0.0103113317048266,0.0050715370910799,0.0020908748660623,0.0271742431912524,,,,,,,,,,
CICIDS2017,DoS,recovered contiguous-within-day Protocol B variant,rf,inv_family_clipped,sink_aware_reject,Benign,0.8,0.8,0.0,0.7643260806136165,0.9879608068126849,0.9882567849686847,0.010311331704826683,0.005071537091079997,0.002090874866062379,0.027174243191252404,0.01169963221453187,7664.0,436801.0,91491.0,,,,,,
CICIDS2017,DoS,recovered contiguous-within-day Protocol B variant,rf,inv_family_clipped,sink_aware_delta_vs_control,Benign,,,,,,,,,,,,,,,0.0,0.0,0.0,0.0,0.0,0.0
CICIDS2017,Botnet,recovered contiguous-within-day Protocol B variant,xgb,inv_family_clipped,control_tau,Scan/Recon,0.9,,,0.651997568401555,0.9767135769970638,0.3138138138138138,0.0131162981439795,0.0098183553493283,0.0114563725348237,0.0135668725321453,,,,,,,,,,
CICIDS2017,Botnet,recovered contiguous-within-day Protocol B variant,xgb,inv_family_clipped,sink_aware_reject,Scan/Recon,0.9,0.96196141652872,0.0,0.6517219612465197,0.9764863375068903,0.3183183183183183,0.015299719016942355,0.01087431083674319,0.008951377023544062,0.015753771388073302,0.016561929860125685,666.0,443799.0,98489.0,,,,,,
CICIDS2017,Botnet,recovered contiguous-within-day Protocol B variant,xgb,inv_family_clipped,sink_aware_delta_vs_control,Scan/Recon,,,,,,,,,,,,,,,-0.00028067759115201374,-0.0004550592234743883,-0.000117026052864691,0.004377945217108146,0.0,0.009147040724994414
CICIDS2017,BruteForce,recovered contiguous-within-day Protocol B variant,rf,class_weight_balanced,control_tau,Web/App,0.9,,,0.7889314246040672,0.9920893658668286,0.167755991285403,0.0060562244654351,0.002492502229067,0.0012858011641713,0.0062232121764368,,,,,,,,,,
CICIDS2017,BruteForce,recovered contiguous-within-day Protocol B variant,rf,class_weight_balanced,sink_aware_reject,Web/App,0.9,0.9,0.0,0.7889314246040672,0.9920893658668286,0.16775599128540306,0.006056224465435152,0.002492502229067034,0.0012858011641713244,0.00622321217643684,0.007074802351510237,459.0,444006.0,98696.0,,,,,,
CICIDS2017,BruteForce,recovered contiguous-within-day Protocol B variant,rf,class_weight_balanced,sink_aware_delta_vs_control,Web/App,,,,,,,,,,,,,,,0.0,0.0,0.0,0.0,0.0,0.0
CICIDS2017,Web/App,recovered contiguous-within-day Protocol B variant,rf,inv_family_clipped,control_tau,BruteForce,0.9,,,0.8166562451469023,0.9796834396409166,0.0421940928270042,0.0184274741799256,0.0037708000566125,0.0017839043178593,0.0184401471431946,,,,,,,,,,
CICIDS2017,Web/App,recovered contiguous-within-day Protocol B variant,rf,inv_family_clipped,sink_aware_reject,BruteForce,0.9,0.9,0.0,0.8166562451469023,0.9796834396409166,0.04219409282700422,0.018427474179925622,0.003770800056612548,0.0017839043178593148,0.018440147143194627,0.022626046161420173,237.0,444228.0,98918.0,,,,,,
CICIDS2017,Web/App,recovered contiguous-within-day Protocol B variant,rf,inv_family_clipped,sink_aware_delta_vs_control,BruteForce,,,,,,,,,,,,,,,0.0,0.0,0.0,0.0,0.0,0.0
CICIDS2017,DDoS,recovered contiguous-within-day Protocol B variant,rf,class_weight_balanced,control_tau,DoS,0.8,,,0.584295371320792,0.9379636191826128,0.0007278777165436,0.0163863876340153,0.0081580560803793,0.0038776751324896,0.015708773469227,,,,,,,,,,
CICIDS2017,DDoS,recovered contiguous-within-day Protocol B variant,rf,class_weight_balanced,sink_aware_reject,DoS,0.8,0.88999999999911,0.0,0.7414217588681479,0.9733634819389603,0.8230737236144328,0.017708022227918473,0.009209093980305552,0.002493411717007906,0.05255981910836624,0.019675074570675626,19234.0,425231.0,79921.0,,,,,,
CICIDS2017,DDoS,recovered contiguous-within-day Protocol B variant,rf,class_weight_balanced,sink_aware_delta_vs_control,DoS,,,,,,,,,,,,,,,0.15706485258927227,0.15600882906542735,0.15808842331611983,0.8221595561860963,0.8173767894130852,0.8269134510415476
CICIoT2023,Other,day-file Protocol B baseline,rf,class_weight_balanced,control_tau,Benign,0.9,,,0.721026764763986,0.9198588629262432,0.2476534369057733,0.0112222088933372,0.0116379347892366,0.0172109144041591,0.0308506430856017,,,,,,,,,,
CICIoT2023,Other,day-file Protocol B baseline,rf,class_weight_balanced,sink_aware_reject,Benign,0.9,0.9,0.0,0.721026764763986,0.9198588629262431,0.24765343690577335,0.011222208893337277,0.011637934789236653,0.017210914404159162,0.030850643085601717,0.003924700125726324,98868.0,1092031.0,1033173.0,,,,,,
CICIoT2023,Other,day-file Protocol B baseline,rf,class_weight_balanced,sink_aware_delta_vs_control,Benign,,,,,,,,,,,,,,,0.0,0.0,0.0,0.0,0.0,0.0
CICIoT2023,DoS,day-file Protocol B baseline,rf,class_weight_balanced,control_tau,DDoS,0.8066666666642466,,,0.7086360295203586,0.8114306922753315,0.0927768506565068,0.0311522524728968,0.0320662951267516,0.0039416901695606,0.0410127139245225,,,,,,,,,,
CICIoT2023,DoS,day-file Protocol B baseline,rf,class_weight_balanced,sink_aware_reject,DDoS,0.8066666666642466,0.8066666666642466,0.0,0.7086360295203586,0.8114306922753315,0.09277685065650682,0.031152252472896852,0.03206629512675162,0.0039416901695606375,0.04101271392452257,0.01653131265078664,190554.0,1000345.0,941487.0,,,,,,
CICIoT2023,DoS,day-file Protocol B baseline,rf,class_weight_balanced,sink_aware_delta_vs_control,DDoS,,,,,,,,,,,,,,,0.0,0.0,0.0,0.0,0.0,0.0
CICIoT2023,Botnet,day-file Protocol B baseline,rf,class_weight_balanced,control_tau,DDoS,0.5733333333333335,,,0.8343751028984278,0.8922511480822471,0.4665318308773957,0.009031061092994,0.0091980366916789,0.0141357164701484,0.0768402694099163,,,,,,,,,,
CICIoT2023,Botnet,day-file Protocol B baseline,rf,class_weight_balanced,sink_aware_reject,DDoS,0.5733333333333335,0.5733333333333335,0.0,0.8343751028984278,0.8922511480822471,0.46653183087739575,0.009031061092994003,0.009198036691678964,0.014135716470148493,0.07684026940991637,0.006320296306364471,176511.0,1014388.0,955530.0,,,,,,
CICIoT2023,Botnet,day-file Protocol B baseline,rf,class_weight_balanced,sink_aware_delta_vs_control,DDoS,,,,,,,,,,,,,,,0.0,0.0,0.0,0.0,0.0,0.0
CICIoT2023,BruteForce,day-file Protocol B baseline,rf,class_weight_balanced,control_tau,Other,0.8733333333324601,,,0.7893570818614192,0.9481920801008312,0.671307037896365,0.0347913386456261,0.0356295735553873,0.0031091780216792,0.0361735126152595,,,,,,,,,,
CICIoT2023,BruteForce,day-file Protocol B baseline,rf,class_weight_balanced,sink_aware_reject,Other,0.8733333333324601,0.8733333333324601,0.0,0.7893570818614192,0.9481920801008313,0.671307037896365,0.034791338645626196,0.03562957355538733,0.003109178021679296,0.03617351261525956,0.018706038261578715,2586.0,1188313.0,1129455.0,,,,,,
CICIoT2023,BruteForce,day-file Protocol B baseline,rf,class_weight_balanced,sink_aware_delta_vs_control,Other,,,,,,,,,,,,,,,0.0,0.0,0.0,0.0,0.0,0.0
CICIoT2023,Scan/Recon,day-file Protocol B baseline,rf,class_weight_balanced,control_tau,Other,0.93999999999906,,,0.7709959945739941,0.9425324901607944,0.4284895960131177,0.014053538137672,0.0145554748016403,0.0137619355057936,0.0383542181158939,,,,,,,,,,
CICIoT2023,Scan/Recon,day-file Protocol B baseline,rf,class_weight_balanced,sink_aware_reject,Other,0.93999999999906,0.9966666666636766,0.0,0.761480214041302,0.9336358498915526,0.5500723195234072,0.03172326438134996,0.03268368273000117,0.0043664412654184645,0.06211693854810525,0.014390567127663189,69829.0,1121070.0,1062212.0,,,,,,
CICIoT2023,Scan/Recon,day-file Protocol B baseline,rf,class_weight_balanced,sink_aware_delta_vs_control,Other,,,,,,,,,,,,,,,-0.009557579293190455,-0.010205181728928519,-0.008988556514086107,0.12147404151908325,0.11916393310817842,0.12385460471442958
CICIoT2023,DDoS,day-file Protocol B baseline,rf,class_weight_balanced,control_tau,DoS,0.38333333333295,,,0.70186931354262,0.5588971021052163,0.1647349724520922,5.190838672083e-05,5.75835704785752e-05,0.0195555404532943,0.0821505434130014,,,,,,,,,,
CICIoT2023,DDoS,day-file Protocol B baseline,rf,class_weight_balanced,sink_aware_reject,DoS,0.38333333333295,0.38333333333295,0.02,0.7019567557493297,0.55906504245952,0.1650735312695282,5.358285080859871e-05,5.944110501014214e-05,0.01955554045329437,0.08232016317084824,0.0,593693.0,597206.0,538348.0,,,,,,
CICIoT2023,DDoS,day-file Protocol B baseline,rf,class_weight_balanced,sink_aware_delta_vs_control,DoS,,,,,,,,,,,,,,,8.66751526202747e-05,7.556230840606581e-05,9.826378438546613e-05,0.000335628254055029,0.00029153991562025984,0.00038087975084105457
